﻿"Data Source","World Development Indicators",

"Last Updated Date","2020-05-28",

"Country Name","Country Code","Indicator Name","Indicator Code","1960","1961","1962","1963","1964","1965","1966","1967","1968","1969","1970","1971","1972","1973","1974","1975","1976","1977","1978","1979","1980","1981","1982","1983","1984","1985","1986","1987","1988","1989","1990","1991","1992","1993","1994","1995","1996","1997","1998","1999","2000","2001","2002","2003","2004","2005","2006","2007","2008","2009","2010","2011","2012","2013","2014","2015","2016","2017","2018","2019",
"Aruba","ABW","Account ownership at a financial institution or with a mobile-money-service provider, male (% of population ages 15+)","FX.OWN.TOTL.MA.ZS","","","","","","","","","","","","","","","","","","","","","","","","","","","","","","","","","","","","","","","","","","","","","","","","","","","","","","","","","","","","",
"Afghanistan","AFG","Account ownership at a financial institution or with a mobile-money-service provider, male (% of population ages 15+)","FX.OWN.TOTL.MA.ZS","","","","","","","","","","","","","","","","","","","","","","","","","","","","","","","","","","","","","","","","","","","","","","","","","","","","15.4154567718506","","","15.7846670150757","","","22.5364952087402","","",
"Angola","AGO","Account ownership at a financial institution or with a mobile-money-service provider, male (% of population ages 15+)","FX.OWN.TOTL.MA.ZS","","","","","","","","","","","","","","","","","","","","","","","","","","","","","","","","","","","","","","","","","","","","","","","","","","","","39.4809684753418","","","36.1321296691895","","","","","",
"Albania","ALB","Account ownership at a financial institution or with a mobile-money-service provider, male (% of population ages 15+)","FX.OWN.TOTL.MA.ZS","","","","","","","","","","","","","","","","","","","","","","","","","","","","","","","","","","","","","","","","","","","","","","","","","","","","33.6646766662598","","","42.5196914672852","","","42.0435028076172","","",
"Andorra","AND","Account ownership at a financial institution or with a mobile-money-service provider, male (% of population ages 15+)","FX.OWN.TOTL.MA.ZS","","","","","","","","","","","","","","","","","","","","","","","","","","","","","","","","","","","","","","","","","","","","","","","","","","","","","","","","","","","","",
"Arab World","ARB","Account ownership at a financial institution or with a mobile-money-service provider, male (% of population ages 15+)","FX.OWN.TOTL.MA.ZS","","","","","","","","","","","","","","","","","","","","","","","","","","","","","","","","","","","","","","","","","","","","","","","","","","","","30.3776683807373","","","37.7907638549805","","","48.3285179138184","","",
"United Arab Emirates","ARE","Account ownership at a financial institution or with a mobile-money-service provider, male (% of population ages 15+)","FX.OWN.TOTL.MA.ZS","","","","","","","","","","","","","","","","","","","","","","","","","","","","","","","","","","","","","","","","","","","","","","","","","","","","68.7762298583984","","","89.9819869995117","","","92.6721572875977","","",
"Argentina","ARG","Account ownership at a financial institution or with a mobile-money-service provider, male (% of population ages 15+)","FX.OWN.TOTL.MA.ZS","","","","","","","","","","","","","","","","","","","","","","","","","","","","","","","","","","","","","","","","","","","","","","","","","","","","34.6139717102051","","","49.4589614868164","","","46.4663772583008","","",
"Armenia","ARM","Account ownership at a financial institution or with a mobile-money-service provider, male (% of population ages 15+)","FX.OWN.TOTL.MA.ZS","","","","","","","","","","","","","","","","","","","","","","","","","","","","","","","","","","","","","","","","","","","","","","","","","","","","16.7159957885742","","","21.1198234558105","","","55.7514190673828","","",
"American Samoa","ASM","Account ownership at a financial institution or with a mobile-money-service provider, male (% of population ages 15+)","FX.OWN.TOTL.MA.ZS","","","","","","","","","","","","","","","","","","","","","","","","","","","","","","","","","","","","","","","","","","","","","","","","","","","","","","","","","","","","",
"Antigua and Barbuda","ATG","Account ownership at a financial institution or with a mobile-money-service provider, male (% of population ages 15+)","FX.OWN.TOTL.MA.ZS","","","","","","","","","","","","","","","","","","","","","","","","","","","","","","","","","","","","","","","","","","","","","","","","","","","","","","","","","","","","",
"Australia","AUS","Account ownership at a financial institution or with a mobile-money-service provider, male (% of population ages 15+)","FX.OWN.TOTL.MA.ZS","","","","","","","","","","","","","","","","","","","","","","","","","","","","","","","","","","","","","","","","","","","","","","","","","","","","99.5946960449219","","","98.6705780029297","","","99.8545379638672","","",
"Austria","AUT","Account ownership at a financial institution or with a mobile-money-service provider, male (% of population ages 15+)","FX.OWN.TOTL.MA.ZS","","","","","","","","","","","","","","","","","","","","","","","","","","","","","","","","","","","","","","","","","","","","","","","","","","","","97.7366561889648","","","96.056396484375","","","97.9349670410156","","",
"Azerbaijan","AZE","Account ownership at a financial institution or with a mobile-money-service provider, male (% of population ages 15+)","FX.OWN.TOTL.MA.ZS","","","","","","","","","","","","","","","","","","","","","","","","","","","","","","","","","","","","","","","","","","","","","","","","","","","","15.6162586212158","","","32.6135559082031","","","29.4360942840576","","",
"Burundi","BDI","Account ownership at a financial institution or with a mobile-money-service provider, male (% of population ages 15+)","FX.OWN.TOTL.MA.ZS","","","","","","","","","","","","","","","","","","","","","","","","","","","","","","","","","","","","","","","","","","","","","","","","","","","","8.62059307098389","","","7.49516487121582","","","","","",
"Belgium","BEL","Account ownership at a financial institution or with a mobile-money-service provider, male (% of population ages 15+)","FX.OWN.TOTL.MA.ZS","","","","","","","","","","","","","","","","","","","","","","","","","","","","","","","","","","","","","","","","","","","","","","","","","","","","95.2961578369141","","","96.6904373168945","","","98.4492568969727","","",
"Benin","BEN","Account ownership at a financial institution or with a mobile-money-service provider, male (% of population ages 15+)","FX.OWN.TOTL.MA.ZS","","","","","","","","","","","","","","","","","","","","","","","","","","","","","","","","","","","","","","","","","","","","","","","","","","","","11.1505670547485","","","19.760196685791","","","48.6232070922852","","",
"Burkina Faso","BFA","Account ownership at a financial institution or with a mobile-money-service provider, male (% of population ages 15+)","FX.OWN.TOTL.MA.ZS","","","","","","","","","","","","","","","","","","","","","","","","","","","","","","","","","","","","","","","","","","","","","","","","","","","","15.6954231262207","","","16.0806274414063","","","51.2809524536133","","",
"Bangladesh","BGD","Account ownership at a financial institution or with a mobile-money-service provider, male (% of population ages 15+)","FX.OWN.TOTL.MA.ZS","","","","","","","","","","","","","","","","","","","","","","","","","","","","","","","","","","","","","","","","","","","","","","","","","","","","37.2916450500488","","","35.369255065918","","","64.5861587524414","","",
"Bulgaria","BGR","Account ownership at a financial institution or with a mobile-money-service provider, male (% of population ages 15+)","FX.OWN.TOTL.MA.ZS","","","","","","","","","","","","","","","","","","","","","","","","","","","","","","","","","","","","","","","","","","","","","","","","","","","","49.8976783752441","","","62.795223236084","","","70.6195373535156","","",
"Bahrain","BHR","Account ownership at a financial institution or with a mobile-money-service provider, male (% of population ages 15+)","FX.OWN.TOTL.MA.ZS","","","","","","","","","","","","","","","","","","","","","","","","","","","","","","","","","","","","","","","","","","","","","","","","","","","","78.9754486083984","","","90.2455444335938","","","86.3137054443359","","",
"Bahamas, The","BHS","Account ownership at a financial institution or with a mobile-money-service provider, male (% of population ages 15+)","FX.OWN.TOTL.MA.ZS","","","","","","","","","","","","","","","","","","","","","","","","","","","","","","","","","","","","","","","","","","","","","","","","","","","","","","","","","","","","",
"Bosnia and Herzegovina","BIH","Account ownership at a financial institution or with a mobile-money-service provider, male (% of population ages 15+)","FX.OWN.TOTL.MA.ZS","","","","","","","","","","","","","","","","","","","","","","","","","","","","","","","","","","","","","","","","","","","","","","","","","","","","67.2257385253906","","","58.8213729858398","","","63.1763534545898","","",
"Belarus","BLR","Account ownership at a financial institution or with a mobile-money-service provider, male (% of population ages 15+)","FX.OWN.TOTL.MA.ZS","","","","","","","","","","","","","","","","","","","","","","","","","","","","","","","","","","","","","","","","","","","","","","","","","","","","59.2435188293457","","","72.0152740478516","","","80.9341735839844","","",
"Belize","BLZ","Account ownership at a financial institution or with a mobile-money-service provider, male (% of population ages 15+)","FX.OWN.TOTL.MA.ZS","","","","","","","","","","","","","","","","","","","","","","","","","","","","","","","","","","","","","","","","","","","","","","","","","","","","","","","44.0861930847168","","","","","",
"Bermuda","BMU","Account ownership at a financial institution or with a mobile-money-service provider, male (% of population ages 15+)","FX.OWN.TOTL.MA.ZS","","","","","","","","","","","","","","","","","","","","","","","","","","","","","","","","","","","","","","","","","","","","","","","","","","","","","","","","","","","","",
"Bolivia","BOL","Account ownership at a financial institution or with a mobile-money-service provider, male (% of population ages 15+)","FX.OWN.TOTL.MA.ZS","","","","","","","","","","","","","","","","","","","","","","","","","","","","","","","","","","","","","","","","","","","","","","","","","","","","31.1235847473145","","","45.7563285827637","","","54.9843902587891","","",
"Brazil","BRA","Account ownership at a financial institution or with a mobile-money-service provider, male (% of population ages 15+)","FX.OWN.TOTL.MA.ZS","","","","","","","","","","","","","","","","","","","","","","","","","","","","","","","","","","","","","","","","","","","","","","","","","","","","61.0977363586426","","","71.6884231567383","","","72.847541809082","","",
"Barbados","BRB","Account ownership at a financial institution or with a mobile-money-service provider, male (% of population ages 15+)","FX.OWN.TOTL.MA.ZS","","","","","","","","","","","","","","","","","","","","","","","","","","","","","","","","","","","","","","","","","","","","","","","","","","","","","","","","","","","","",
"Brunei Darussalam","BRN","Account ownership at a financial institution or with a mobile-money-service provider, male (% of population ages 15+)","FX.OWN.TOTL.MA.ZS","","","","","","","","","","","","","","","","","","","","","","","","","","","","","","","","","","","","","","","","","","","","","","","","","","","","","","","","","","","","",
"Bhutan","BTN","Account ownership at a financial institution or with a mobile-money-service provider, male (% of population ages 15+)","FX.OWN.TOTL.MA.ZS","","","","","","","","","","","","","","","","","","","","","","","","","","","","","","","","","","","","","","","","","","","","","","","","","","","","","","","38.9940185546875","","","","","",
"Botswana","BWA","Account ownership at a financial institution or with a mobile-money-service provider, male (% of population ages 15+)","FX.OWN.TOTL.MA.ZS","","","","","","","","","","","","","","","","","","","","","","","","","","","","","","","","","","","","","","","","","","","","","","","","","","","","32.1595268249512","","","55.2344970703125","","","56.2102508544922","","",
"Central African Republic","CAF","Account ownership at a financial institution or with a mobile-money-service provider, male (% of population ages 15+)","FX.OWN.TOTL.MA.ZS","","","","","","","","","","","","","","","","","","","","","","","","","","","","","","","","","","","","","","","","","","","","","","","","","","","","3.18713402748108","","","","","","18.0825004577637","","",
"Canada","CAN","Account ownership at a financial institution or with a mobile-money-service provider, male (% of population ages 15+)","FX.OWN.TOTL.MA.ZS","","","","","","","","","","","","","","","","","","","","","","","","","","","","","","","","","","","","","","","","","","","","","","","","","","","","94.2752227783203","","","99.0032043457031","","","99.5923004150391","","",
"Central Europe and the Baltics","CEB","Account ownership at a financial institution or with a mobile-money-service provider, male (% of population ages 15+)","FX.OWN.TOTL.MA.ZS","","","","","","","","","","","","","","","","","","","","","","","","","","","","","","","","","","","","","","","","","","","","","","","","","","","","","","","","","","","","",
"Switzerland","CHE","Account ownership at a financial institution or with a mobile-money-service provider, male (% of population ages 15+)","FX.OWN.TOTL.MA.ZS","","","","","","","","","","","","","","","","","","","","","","","","","","","","","","","","","","","","","","","","","","","","","","","","","","","","","","","99.3637084960938","","","97.9819107055664","","",
"Channel Islands","CHI","Account ownership at a financial institution or with a mobile-money-service provider, male (% of population ages 15+)","FX.OWN.TOTL.MA.ZS","","","","","","","","","","","","","","","","","","","","","","","","","","","","","","","","","","","","","","","","","","","","","","","","","","","","","","","","","","","","",
"Chile","CHL","Account ownership at a financial institution or with a mobile-money-service provider, male (% of population ages 15+)","FX.OWN.TOTL.MA.ZS","","","","","","","","","","","","","","","","","","","","","","","","","","","","","","","","","","","","","","","","","","","","","","","","","","","","43.4419937133789","","","67.8175964355469","","","77.7538681030273","","",
"China","CHN","Account ownership at a financial institution or with a mobile-money-service provider, male (% of population ages 15+)","FX.OWN.TOTL.MA.ZS","","","","","","","","","","","","","","","","","","","","","","","","","","","","","","","","","","","","","","","","","","","","","","","","","","","","67.5847930908203","","","81.3689727783203","","","83.9666366577148","","",
"Cote d'Ivoire","CIV","Account ownership at a financial institution or with a mobile-money-service provider, male (% of population ages 15+)","FX.OWN.TOTL.MA.ZS","","","","","","","","","","","","","","","","","","","","","","","","","","","","","","","","","","","","","","","","","","","","","","","","","","","","","","","39.2024917602539","","","46.5971069335938","","",
"Cameroon","CMR","Account ownership at a financial institution or with a mobile-money-service provider, male (% of population ages 15+)","FX.OWN.TOTL.MA.ZS","","","","","","","","","","","","","","","","","","","","","","","","","","","","","","","","","","","","","","","","","","","","","","","","","","","","18.8115634918213","","","14.178897857666","","","39.2444534301758","","",
"Congo, Dem. Rep.","COD","Account ownership at a financial institution or with a mobile-money-service provider, male (% of population ages 15+)","FX.OWN.TOTL.MA.ZS","","","","","","","","","","","","","","","","","","","","","","","","","","","","","","","","","","","","","","","","","","","","","","","","","","","","4.65793657302856","","","20.6689167022705","","","27.3890972137451","","",
"Congo, Rep.","COG","Account ownership at a financial institution or with a mobile-money-service provider, male (% of population ages 15+)","FX.OWN.TOTL.MA.ZS","","","","","","","","","","","","","","","","","","","","","","","","","","","","","","","","","","","","","","","","","","","","","","","","","","","","12.5145301818848","","","19.1590061187744","","","31.2151470184326","","",
"Colombia","COL","Account ownership at a financial institution or with a mobile-money-service provider, male (% of population ages 15+)","FX.OWN.TOTL.MA.ZS","","","","","","","","","","","","","","","","","","","","","","","","","","","","","","","","","","","","","","","","","","","","","","","","","","","","35.9357490539551","","","44.4218406677246","","","49.4469718933105","","",
"Comoros","COM","Account ownership at a financial institution or with a mobile-money-service provider, male (% of population ages 15+)","FX.OWN.TOTL.MA.ZS","","","","","","","","","","","","","","","","","","","","","","","","","","","","","","","","","","","","","","","","","","","","","","","","","","","","25.697151184082","","","","","","","","",
"Cabo Verde","CPV","Account ownership at a financial institution or with a mobile-money-service provider, male (% of population ages 15+)","FX.OWN.TOTL.MA.ZS","","","","","","","","","","","","","","","","","","","","","","","","","","","","","","","","","","","","","","","","","","","","","","","","","","","","","","","","","","","","",
"Costa Rica","CRI","Account ownership at a financial institution or with a mobile-money-service provider, male (% of population ages 15+)","FX.OWN.TOTL.MA.ZS","","","","","","","","","","","","","","","","","","","","","","","","","","","","","","","","","","","","","","","","","","","","","","","","","","","","60.2028923034668","","","69.2236099243164","","","75.4613571166992","","",
"Caribbean small states","CSS","Account ownership at a financial institution or with a mobile-money-service provider, male (% of population ages 15+)","FX.OWN.TOTL.MA.ZS","","","","","","","","","","","","","","","","","","","","","","","","","","","","","","","","","","","","","","","","","","","","","","","","","","","","","","","","","","","","",
"Cuba","CUB","Account ownership at a financial institution or with a mobile-money-service provider, male (% of population ages 15+)","FX.OWN.TOTL.MA.ZS","","","","","","","","","","","","","","","","","","","","","","","","","","","","","","","","","","","","","","","","","","","","","","","","","","","","","","","","","","","","",
"Curacao","CUW","Account ownership at a financial institution or with a mobile-money-service provider, male (% of population ages 15+)","FX.OWN.TOTL.MA.ZS","","","","","","","","","","","","","","","","","","","","","","","","","","","","","","","","","","","","","","","","","","","","","","","","","","","","","","","","","","","","",
"Cayman Islands","CYM","Account ownership at a financial institution or with a mobile-money-service provider, male (% of population ages 15+)","FX.OWN.TOTL.MA.ZS","","","","","","","","","","","","","","","","","","","","","","","","","","","","","","","","","","","","","","","","","","","","","","","","","","","","","","","","","","","","",
"Cyprus","CYP","Account ownership at a financial institution or with a mobile-money-service provider, male (% of population ages 15+)","FX.OWN.TOTL.MA.ZS","","","","","","","","","","","","","","","","","","","","","","","","","","","","","","","","","","","","","","","","","","","","","","","","","","","","87.6160888671875","","","90.0027694702148","","","87.3152465820313","","",
"Czech Republic","CZE","Account ownership at a financial institution or with a mobile-money-service provider, male (% of population ages 15+)","FX.OWN.TOTL.MA.ZS","","","","","","","","","","","","","","","","","","","","","","","","","","","","","","","","","","","","","","","","","","","","","","","","","","","","80.8030624389648","","","85.1647109985352","","","83.5768966674805","","",
"Germany","DEU","Account ownership at a financial institution or with a mobile-money-service provider, male (% of population ages 15+)","FX.OWN.TOTL.MA.ZS","","","","","","","","","","","","","","","","","","","","","","","","","","","","","","","","","","","","","","","","","","","","","","","","","","","","97.5362243652344","","","98.0492477416992","","","99.0789260864258","","",
"Djibouti","DJI","Account ownership at a financial institution or with a mobile-money-service provider, male (% of population ages 15+)","FX.OWN.TOTL.MA.ZS","","","","","","","","","","","","","","","","","","","","","","","","","","","","","","","","","","","","","","","","","","","","","","","","","","","","16.6257038116455","","","","","","","","",
"Dominica","DMA","Account ownership at a financial institution or with a mobile-money-service provider, male (% of population ages 15+)","FX.OWN.TOTL.MA.ZS","","","","","","","","","","","","","","","","","","","","","","","","","","","","","","","","","","","","","","","","","","","","","","","","","","","","","","","","","","","","",
"Denmark","DNK","Account ownership at a financial institution or with a mobile-money-service provider, male (% of population ages 15+)","FX.OWN.TOTL.MA.ZS","","","","","","","","","","","","","","","","","","","","","","","","","","","","","","","","","","","","","","","","","","","","","","","","","","","","100","","","100","","","99.8329620361328","","",
"Dominican Republic","DOM","Account ownership at a financial institution or with a mobile-money-service provider, male (% of population ages 15+)","FX.OWN.TOTL.MA.ZS","","","","","","","","","","","","","","","","","","","","","","","","","","","","","","","","","","","","","","","","","","","","","","","","","","","","39.1819839477539","","","52.1929512023926","","","58.3558731079102","","",
"Algeria","DZA","Account ownership at a financial institution or with a mobile-money-service provider, male (% of population ages 15+)","FX.OWN.TOTL.MA.ZS","","","","","","","","","","","","","","","","","","","","","","","","","","","","","","","","","","","","","","","","","","","","","","","","","","","","46.1278228759766","","","60.9090805053711","","","56.2549362182617","","",
"East Asia & Pacific (excluding high income)","EAP","Account ownership at a financial institution or with a mobile-money-service provider, male (% of population ages 15+)","FX.OWN.TOTL.MA.ZS","","","","","","","","","","","","","","","","","","","","","","","","","","","","","","","","","","","","","","","","","","","","","","","","","","","","57.9190330505371","","","71.1219787597656","","","73.2753601074219","","",
"Early-demographic dividend","EAR","Account ownership at a financial institution or with a mobile-money-service provider, male (% of population ages 15+)","FX.OWN.TOTL.MA.ZS","","","","","","","","","","","","","","","","","","","","","","","","","","","","","","","","","","","","","","","","","","","","","","","","","","","","","","","","","","","","",
"East Asia & Pacific","EAS","Account ownership at a financial institution or with a mobile-money-service provider, male (% of population ages 15+)","FX.OWN.TOTL.MA.ZS","","","","","","","","","","","","","","","","","","","","","","","","","","","","","","","","","","","","","","","","","","","","","","","","","","","","62.201904296875","","","73.6668853759766","","","75.9222564697266","","",
"Europe & Central Asia (excluding high income)","ECA","Account ownership at a financial institution or with a mobile-money-service provider, male (% of population ages 15+)","FX.OWN.TOTL.MA.ZS","","","","","","","","","","","","","","","","","","","","","","","","","","","","","","","","","","","","","","","","","","","","","","","","","","","","50.1688423156738","","","59.2534065246582","","","68.5355224609375","","",
"Europe & Central Asia","ECS","Account ownership at a financial institution or with a mobile-money-service provider, male (% of population ages 15+)","FX.OWN.TOTL.MA.ZS","","","","","","","","","","","","","","","","","","","","","","","","","","","","","","","","","","","","","","","","","","","","","","","","","","","","72.6208114624023","","","79.476692199707","","","83.7267074584961","","",
"Ecuador","ECU","Account ownership at a financial institution or with a mobile-money-service provider, male (% of population ages 15+)","FX.OWN.TOTL.MA.ZS","","","","","","","","","","","","","","","","","","","","","","","","","","","","","","","","","","","","","","","","","","","","","","","","","","","","40.4642715454102","","","51.8686103820801","","","60.2360649108887","","",
"Egypt, Arab Rep.","EGY","Account ownership at a financial institution or with a mobile-money-service provider, male (% of population ages 15+)","FX.OWN.TOTL.MA.ZS","","","","","","","","","","","","","","","","","","","","","","","","","","","","","","","","","","","","","","","","","","","","","","","","","","","","12.8129854202271","","","18.7618637084961","","","38.6534767150879","","",
"Euro area","EMU","Account ownership at a financial institution or with a mobile-money-service provider, male (% of population ages 15+)","FX.OWN.TOTL.MA.ZS","","","","","","","","","","","","","","","","","","","","","","","","","","","","","","","","","","","","","","","","","","","","","","","","","","","","92.3642883300781","","","95.5720901489258","","","96.6849822998047","","",
"Eritrea","ERI","Account ownership at a financial institution or with a mobile-money-service provider, male (% of population ages 15+)","FX.OWN.TOTL.MA.ZS","","","","","","","","","","","","","","","","","","","","","","","","","","","","","","","","","","","","","","","","","","","","","","","","","","","","","","","","","","","","",
"Spain","ESP","Account ownership at a financial institution or with a mobile-money-service provider, male (% of population ages 15+)","FX.OWN.TOTL.MA.ZS","","","","","","","","","","","","","","","","","","","","","","","","","","","","","","","","","","","","","","","","","","","","","","","","","","","","95.2049255371094","","","97.5823211669922","","","95.8810424804688","","",
"Estonia","EST","Account ownership at a financial institution or with a mobile-money-service provider, male (% of population ages 15+)","FX.OWN.TOTL.MA.ZS","","","","","","","","","","","","","","","","","","","","","","","","","","","","","","","","","","","","","","","","","","","","","","","","","","","","96.2867889404297","","","97.9213333129883","","","97.5467224121094","","",
"Ethiopia","ETH","Account ownership at a financial institution or with a mobile-money-service provider, male (% of population ages 15+)","FX.OWN.TOTL.MA.ZS","","","","","","","","","","","","","","","","","","","","","","","","","","","","","","","","","","","","","","","","","","","","","","","","","","","","","","","22.6220569610596","","","40.9438743591309","","",
"European Union","EUU","Account ownership at a financial institution or with a mobile-money-service provider, male (% of population ages 15+)","FX.OWN.TOTL.MA.ZS","","","","","","","","","","","","","","","","","","","","","","","","","","","","","","","","","","","","","","","","","","","","","","","","","","","","","","","","","","","","",
"Fragile and conflict affected situations","FCS","Account ownership at a financial institution or with a mobile-money-service provider, male (% of population ages 15+)","FX.OWN.TOTL.MA.ZS","","","","","","","","","","","","","","","","","","","","","","","","","","","","","","","","","","","","","","","","","","","","","","","","","","","","","","","","","","","","",
"Finland","FIN","Account ownership at a financial institution or with a mobile-money-service provider, male (% of population ages 15+)","FX.OWN.TOTL.MA.ZS","","","","","","","","","","","","","","","","","","","","","","","","","","","","","","","","","","","","","","","","","","","","","","","","","","","","99.4590454101563","","","100","","","100","","",
"Fiji","FJI","Account ownership at a financial institution or with a mobile-money-service provider, male (% of population ages 15+)","FX.OWN.TOTL.MA.ZS","","","","","","","","","","","","","","","","","","","","","","","","","","","","","","","","","","","","","","","","","","","","","","","","","","","","","","","","","","","","",
"France","FRA","Account ownership at a financial institution or with a mobile-money-service provider, male (% of population ages 15+)","FX.OWN.TOTL.MA.ZS","","","","","","","","","","","","","","","","","","","","","","","","","","","","","","","","","","","","","","","","","","","","","","","","","","","","97.4892196655273","","","97.7879180908203","","","96.9788284301758","","",
"Faroe Islands","FRO","Account ownership at a financial institution or with a mobile-money-service provider, male (% of population ages 15+)","FX.OWN.TOTL.MA.ZS","","","","","","","","","","","","","","","","","","","","","","","","","","","","","","","","","","","","","","","","","","","","","","","","","","","","","","","","","","","","",
"Micronesia, Fed. Sts.","FSM","Account ownership at a financial institution or with a mobile-money-service provider, male (% of population ages 15+)","FX.OWN.TOTL.MA.ZS","","","","","","","","","","","","","","","","","","","","","","","","","","","","","","","","","","","","","","","","","","","","","","","","","","","","","","","","","","","","",
"Gabon","GAB","Account ownership at a financial institution or with a mobile-money-service provider, male (% of population ages 15+)","FX.OWN.TOTL.MA.ZS","","","","","","","","","","","","","","","","","","","","","","","","","","","","","","","","","","","","","","","","","","","","","","","","","","","","20.7606029510498","","","35.4183654785156","","","63.8023452758789","","",
"United Kingdom","GBR","Account ownership at a financial institution or with a mobile-money-service provider, male (% of population ages 15+)","FX.OWN.TOTL.MA.ZS","","","","","","","","","","","","","","","","","","","","","","","","","","","","","","","","","","","","","","","","","","","","","","","","","","","","96.70703125","","","99.2217025756836","","","96.6740875244141","","",
"Georgia","GEO","Account ownership at a financial institution or with a mobile-money-service provider, male (% of population ages 15+)","FX.OWN.TOTL.MA.ZS","","","","","","","","","","","","","","","","","","","","","","","","","","","","","","","","","","","","","","","","","","","","","","","","","","","","30.6469821929932","","","39.5523681640625","","","58.4917907714844","","",
"Ghana","GHA","Account ownership at a financial institution or with a mobile-money-service provider, male (% of population ages 15+)","FX.OWN.TOTL.MA.ZS","","","","","","","","","","","","","","","","","","","","","","","","","","","","","","","","","","","","","","","","","","","","","","","","","","","","31.8453350067139","","","41.6712379455566","","","61.791675567627","","",
"Gibraltar","GIB","Account ownership at a financial institution or with a mobile-money-service provider, male (% of population ages 15+)","FX.OWN.TOTL.MA.ZS","","","","","","","","","","","","","","","","","","","","","","","","","","","","","","","","","","","","","","","","","","","","","","","","","","","","","","","","","","","","",
"Guinea","GIN","Account ownership at a financial institution or with a mobile-money-service provider, male (% of population ages 15+)","FX.OWN.TOTL.MA.ZS","","","","","","","","","","","","","","","","","","","","","","","","","","","","","","","","","","","","","","","","","","","","","","","","","","","","4.44588232040405","","","9.79942417144775","","","27.2642097473145","","",
"Gambia, The","GMB","Account ownership at a financial institution or with a mobile-money-service provider, male (% of population ages 15+)","FX.OWN.TOTL.MA.ZS","","","","","","","","","","","","","","","","","","","","","","","","","","","","","","","","","","","","","","","","","","","","","","","","","","","","","","","","","","","","",
"Guinea-Bissau","GNB","Account ownership at a financial institution or with a mobile-money-service provider, male (% of population ages 15+)","FX.OWN.TOTL.MA.ZS","","","","","","","","","","","","","","","","","","","","","","","","","","","","","","","","","","","","","","","","","","","","","","","","","","","","","","","","","","","","",
"Equatorial Guinea","GNQ","Account ownership at a financial institution or with a mobile-money-service provider, male (% of population ages 15+)","FX.OWN.TOTL.MA.ZS","","","","","","","","","","","","","","","","","","","","","","","","","","","","","","","","","","","","","","","","","","","","","","","","","","","","","","","","","","","","",
"Greece","GRC","Account ownership at a financial institution or with a mobile-money-service provider, male (% of population ages 15+)","FX.OWN.TOTL.MA.ZS","","","","","","","","","","","","","","","","","","","","","","","","","","","","","","","","","","","","","","","","","","","","","","","","","","","","80.3368759155273","","","88.4800872802734","","","86.4485626220703","","",
"Grenada","GRD","Account ownership at a financial institution or with a mobile-money-service provider, male (% of population ages 15+)","FX.OWN.TOTL.MA.ZS","","","","","","","","","","","","","","","","","","","","","","","","","","","","","","","","","","","","","","","","","","","","","","","","","","","","","","","","","","","","",
"Greenland","GRL","Account ownership at a financial institution or with a mobile-money-service provider, male (% of population ages 15+)","FX.OWN.TOTL.MA.ZS","","","","","","","","","","","","","","","","","","","","","","","","","","","","","","","","","","","","","","","","","","","","","","","","","","","","","","","","","","","","",
"Guatemala","GTM","Account ownership at a financial institution or with a mobile-money-service provider, male (% of population ages 15+)","FX.OWN.TOTL.MA.ZS","","","","","","","","","","","","","","","","","","","","","","","","","","","","","","","","","","","","","","","","","","","","","","","","","","","","29.8914699554443","","","48.756420135498","","","46.3569641113281","","",
"Guam","GUM","Account ownership at a financial institution or with a mobile-money-service provider, male (% of population ages 15+)","FX.OWN.TOTL.MA.ZS","","","","","","","","","","","","","","","","","","","","","","","","","","","","","","","","","","","","","","","","","","","","","","","","","","","","","","","","","","","","",
"Guyana","GUY","Account ownership at a financial institution or with a mobile-money-service provider, male (% of population ages 15+)","FX.OWN.TOTL.MA.ZS","","","","","","","","","","","","","","","","","","","","","","","","","","","","","","","","","","","","","","","","","","","","","","","","","","","","","","","","","","","","",
"High income","HIC","Account ownership at a financial institution or with a mobile-money-service provider, male (% of population ages 15+)","FX.OWN.TOTL.MA.ZS","","","","","","","","","","","","","","","","","","","","","","","","","","","","","","","","","","","","","","","","","","","","","","","","","","","","90.4634857177734","","","93.2309265136719","","","94.5198745727539","","",
"Hong Kong SAR, China","HKG","Account ownership at a financial institution or with a mobile-money-service provider, male (% of population ages 15+)","FX.OWN.TOTL.MA.ZS","","","","","","","","","","","","","","","","","","","","","","","","","","","","","","","","","","","","","","","","","","","","","","","","","","","","88.2511520385742","","","96.0050506591797","","","95.9928207397461","","",
"Honduras","HND","Account ownership at a financial institution or with a mobile-money-service provider, male (% of population ages 15+)","FX.OWN.TOTL.MA.ZS","","","","","","","","","","","","","","","","","","","","","","","","","","","","","","","","","","","","","","","","","","","","","","","","","","","","26.2748184204102","","","36.0899810791016","","","50.2408218383789","","",
"Heavily indebted poor countries (HIPC)","HPC","Account ownership at a financial institution or with a mobile-money-service provider, male (% of population ages 15+)","FX.OWN.TOTL.MA.ZS","","","","","","","","","","","","","","","","","","","","","","","","","","","","","","","","","","","","","","","","","","","","","","","","","","","","","","","","","","","","",
"Croatia","HRV","Account ownership at a financial institution or with a mobile-money-service provider, male (% of population ages 15+)","FX.OWN.TOTL.MA.ZS","","","","","","","","","","","","","","","","","","","","","","","","","","","","","","","","","","","","","","","","","","","","","","","","","","","","89.7231750488281","","","84.2469177246094","","","89.8380584716797","","",
"Haiti","HTI","Account ownership at a financial institution or with a mobile-money-service provider, male (% of population ages 15+)","FX.OWN.TOTL.MA.ZS","","","","","","","","","","","","","","","","","","","","","","","","","","","","","","","","","","","","","","","","","","","","","","","","","","","","22.9629306793213","","","21.6837978363037","","","35.3547210693359","","",
"Hungary","HUN","Account ownership at a financial institution or with a mobile-money-service provider, male (% of population ages 15+)","FX.OWN.TOTL.MA.ZS","","","","","","","","","","","","","","","","","","","","","","","","","","","","","","","","","","","","","","","","","","","","","","","","","","","","72.2140808105469","","","71.9801635742188","","","78.1625595092773","","",
"IBRD only","IBD","Account ownership at a financial institution or with a mobile-money-service provider, male (% of population ages 15+)","FX.OWN.TOTL.MA.ZS","","","","","","","","","","","","","","","","","","","","","","","","","","","","","","","","","","","","","","","","","","","","","","","","","","","","","","","","","","","","",
"IDA & IBRD total","IBT","Account ownership at a financial institution or with a mobile-money-service provider, male (% of population ages 15+)","FX.OWN.TOTL.MA.ZS","","","","","","","","","","","","","","","","","","","","","","","","","","","","","","","","","","","","","","","","","","","","","","","","","","","","","","","","","","","","",
"IDA total","IDA","Account ownership at a financial institution or with a mobile-money-service provider, male (% of population ages 15+)","FX.OWN.TOTL.MA.ZS","","","","","","","","","","","","","","","","","","","","","","","","","","","","","","","","","","","","","","","","","","","","","","","","","","","","","","","","","","","","",
"IDA blend","IDB","Account ownership at a financial institution or with a mobile-money-service provider, male (% of population ages 15+)","FX.OWN.TOTL.MA.ZS","","","","","","","","","","","","","","","","","","","","","","","","","","","","","","","","","","","","","","","","","","","","","","","","","","","","","","","","","","","","",
"Indonesia","IDN","Account ownership at a financial institution or with a mobile-money-service provider, male (% of population ages 15+)","FX.OWN.TOTL.MA.ZS","","","","","","","","","","","","","","","","","","","","","","","","","","","","","","","","","","","","","","","","","","","","","","","","","","","","19.9672393798828","","","34.6179275512695","","","46.2457160949707","","",
"IDA only","IDX","Account ownership at a financial institution or with a mobile-money-service provider, male (% of population ages 15+)","FX.OWN.TOTL.MA.ZS","","","","","","","","","","","","","","","","","","","","","","","","","","","","","","","","","","","","","","","","","","","","","","","","","","","","","","","","","","","","",
"Isle of Man","IMN","Account ownership at a financial institution or with a mobile-money-service provider, male (% of population ages 15+)","FX.OWN.TOTL.MA.ZS","","","","","","","","","","","","","","","","","","","","","","","","","","","","","","","","","","","","","","","","","","","","","","","","","","","","","","","","","","","","",
"India","IND","Account ownership at a financial institution or with a mobile-money-service provider, male (% of population ages 15+)","FX.OWN.TOTL.MA.ZS","","","","","","","","","","","","","","","","","","","","","","","","","","","","","","","","","","","","","","","","","","","","","","","","","","","","43.7370758056641","","","62.7633628845215","","","83.0089950561523","","",
"Not classified","INX","Account ownership at a financial institution or with a mobile-money-service provider, male (% of population ages 15+)","FX.OWN.TOTL.MA.ZS","","","","","","","","","","","","","","","","","","","","","","","","","","","","","","","","","","","","","","","","","","","","","","","","","","","","","","","","","","","","",
"Ireland","IRL","Account ownership at a financial institution or with a mobile-money-service provider, male (% of population ages 15+)","FX.OWN.TOTL.MA.ZS","","","","","","","","","","","","","","","","","","","","","","","","","","","","","","","","","","","","","","","","","","","","","","","","","","","","95.7424087524414","","","94.6511535644531","","","95.3754043579102","","",
"Iran, Islamic Rep.","IRN","Account ownership at a financial institution or with a mobile-money-service provider, male (% of population ages 15+)","FX.OWN.TOTL.MA.ZS","","","","","","","","","","","","","","","","","","","","","","","","","","","","","","","","","","","","","","","","","","","","","","","","","","","","85.1674499511719","","","97.1384124755859","","","96.4517669677734","","",
"Iraq","IRQ","Account ownership at a financial institution or with a mobile-money-service provider, male (% of population ages 15+)","FX.OWN.TOTL.MA.ZS","","","","","","","","","","","","","","","","","","","","","","","","","","","","","","","","","","","","","","","","","","","","","","","","","","","","13.477484703064","","","14.5700635910034","","","25.8215732574463","","",
"Iceland","ISL","Account ownership at a financial institution or with a mobile-money-service provider, male (% of population ages 15+)","FX.OWN.TOTL.MA.ZS","","","","","","","","","","","","","","","","","","","","","","","","","","","","","","","","","","","","","","","","","","","","","","","","","","","","","","","","","","","","",
"Israel","ISR","Account ownership at a financial institution or with a mobile-money-service provider, male (% of population ages 15+)","FX.OWN.TOTL.MA.ZS","","","","","","","","","","","","","","","","","","","","","","","","","","","","","","","","","","","","","","","","","","","","","","","","","","","","88.4042434692383","","","89.8858871459961","","","91.8948516845703","","",
"Italy","ITA","Account ownership at a financial institution or with a mobile-money-service provider, male (% of population ages 15+)","FX.OWN.TOTL.MA.ZS","","","","","","","","","","","","","","","","","","","","","","","","","","","","","","","","","","","","","","","","","","","","","","","","","","","","79.1312026977539","","","91.8693695068359","","","96.1354522705078","","",
"Jamaica","JAM","Account ownership at a financial institution or with a mobile-money-service provider, male (% of population ages 15+)","FX.OWN.TOTL.MA.ZS","","","","","","","","","","","","","","","","","","","","","","","","","","","","","","","","","","","","","","","","","","","","","","","","","","","","75.0734634399414","","","79.1964416503906","","","","","",
"Jordan","JOR","Account ownership at a financial institution or with a mobile-money-service provider, male (% of population ages 15+)","FX.OWN.TOTL.MA.ZS","","","","","","","","","","","","","","","","","","","","","","","","","","","","","","","","","","","","","","","","","","","","","","","","","","","","33.6704254150391","","","33.3144950866699","","","56.2812805175781","","",
"Japan","JPN","Account ownership at a financial institution or with a mobile-money-service provider, male (% of population ages 15+)","FX.OWN.TOTL.MA.ZS","","","","","","","","","","","","","","","","","","","","","","","","","","","","","","","","","","","","","","","","","","","","","","","","","","","","95.9715957641602","","","96.2365417480469","","","98.4573516845703","","",
"Kazakhstan","KAZ","Account ownership at a financial institution or with a mobile-money-service provider, male (% of population ages 15+)","FX.OWN.TOTL.MA.ZS","","","","","","","","","","","","","","","","","","","","","","","","","","","","","","","","","","","","","","","","","","","","","","","","","","","","40.2280731201172","","","52.0024604797363","","","56.895263671875","","",
"Kenya","KEN","Account ownership at a financial institution or with a mobile-money-service provider, male (% of population ages 15+)","FX.OWN.TOTL.MA.ZS","","","","","","","","","","","","","","","","","","","","","","","","","","","","","","","","","","","","","","","","","","","","","","","","","","","","45.6456413269043","","","78.6578979492188","","","85.8360977172852","","",
"Kyrgyz Republic","KGZ","Account ownership at a financial institution or with a mobile-money-service provider, male (% of population ages 15+)","FX.OWN.TOTL.MA.ZS","","","","","","","","","","","","","","","","","","","","","","","","","","","","","","","","","","","","","","","","","","","","","","","","","","","","3.55190086364746","","","17.9493980407715","","","41.1680564880371","","",
"Cambodia","KHM","Account ownership at a financial institution or with a mobile-money-service provider, male (% of population ages 15+)","FX.OWN.TOTL.MA.ZS","","","","","","","","","","","","","","","","","","","","","","","","","","","","","","","","","","","","","","","","","","","","","","","","","","","","3.59764552116394","","","24.2890396118164","","","21.8454570770264","","",
"Kiribati","KIR","Account ownership at a financial institution or with a mobile-money-service provider, male (% of population ages 15+)","FX.OWN.TOTL.MA.ZS","","","","","","","","","","","","","","","","","","","","","","","","","","","","","","","","","","","","","","","","","","","","","","","","","","","","","","","","","","","","",
"St. Kitts and Nevis","KNA","Account ownership at a financial institution or with a mobile-money-service provider, male (% of population ages 15+)","FX.OWN.TOTL.MA.ZS","","","","","","","","","","","","","","","","","","","","","","","","","","","","","","","","","","","","","","","","","","","","","","","","","","","","","","","","","","","","",
"Korea, Rep.","KOR","Account ownership at a financial institution or with a mobile-money-service provider, male (% of population ages 15+)","FX.OWN.TOTL.MA.ZS","","","","","","","","","","","","","","","","","","","","","","","","","","","","","","","","","","","","","","","","","","","","","","","","","","","","92.9825286865234","","","95.3912582397461","","","95.0178985595703","","",
"Kuwait","KWT","Account ownership at a financial institution or with a mobile-money-service provider, male (% of population ages 15+)","FX.OWN.TOTL.MA.ZS","","","","","","","","","","","","","","","","","","","","","","","","","","","","","","","","","","","","","","","","","","","","","","","","","","","","92.7027740478516","","","79.2992172241211","","","83.3065185546875","","",
"Latin America & Caribbean (excluding high income)","LAC","Account ownership at a financial institution or with a mobile-money-service provider, male (% of population ages 15+)","FX.OWN.TOTL.MA.ZS","","","","","","","","","","","","","","","","","","","","","","","","","","","","","","","","","","","","","","","","","","","","","","","","","","","","44.1285591125488","","","54.408763885498","","","57.8416404724121","","",
"Lao PDR","LAO","Account ownership at a financial institution or with a mobile-money-service provider, male (% of population ages 15+)","FX.OWN.TOTL.MA.ZS","","","","","","","","","","","","","","","","","","","","","","","","","","","","","","","","","","","","","","","","","","","","","","","","","","","","27.4352378845215","","","","","","26.1158828735352","","",
"Lebanon","LBN","Account ownership at a financial institution or with a mobile-money-service provider, male (% of population ages 15+)","FX.OWN.TOTL.MA.ZS","","","","","","","","","","","","","","","","","","","","","","","","","","","","","","","","","","","","","","","","","","","","","","","","","","","","49.3961410522461","","","62.4106941223145","","","56.6898765563965","","",
"Liberia","LBR","Account ownership at a financial institution or with a mobile-money-service provider, male (% of population ages 15+)","FX.OWN.TOTL.MA.ZS","","","","","","","","","","","","","","","","","","","","","","","","","","","","","","","","","","","","","","","","","","","","","","","","","","","","22.9923477172852","","","","","","43.6553993225098","","",
"Libya","LBY","Account ownership at a financial institution or with a mobile-money-service provider, male (% of population ages 15+)","FX.OWN.TOTL.MA.ZS","","","","","","","","","","","","","","","","","","","","","","","","","","","","","","","","","","","","","","","","","","","","","","","","","","","","","","","","","","70.6883392333984","","",
"St. Lucia","LCA","Account ownership at a financial institution or with a mobile-money-service provider, male (% of population ages 15+)","FX.OWN.TOTL.MA.ZS","","","","","","","","","","","","","","","","","","","","","","","","","","","","","","","","","","","","","","","","","","","","","","","","","","","","","","","","","","","","",
"Latin America & Caribbean","LCN","Account ownership at a financial institution or with a mobile-money-service provider, male (% of population ages 15+)","FX.OWN.TOTL.MA.ZS","","","","","","","","","","","","","","","","","","","","","","","","","","","","","","","","","","","","","","","","","","","","","","","","","","","","44.079460144043","","","54.924861907959","","","58.5881004333496","","",
"Least developed countries: UN classification","LDC","Account ownership at a financial institution or with a mobile-money-service provider, male (% of population ages 15+)","FX.OWN.TOTL.MA.ZS","","","","","","","","","","","","","","","","","","","","","","","","","","","","","","","","","","","","","","","","","","","","","","","","","","","","","","","","","","","","",
"Low income","LIC","Account ownership at a financial institution or with a mobile-money-service provider, male (% of population ages 15+)","FX.OWN.TOTL.MA.ZS","","","","","","","","","","","","","","","","","","","","","","","","","","","","","","","","","","","","","","","","","","","","","","","","","","","","15.8088293075562","","","26.3341312408447","","","40.030216217041","","",
"Liechtenstein","LIE","Account ownership at a financial institution or with a mobile-money-service provider, male (% of population ages 15+)","FX.OWN.TOTL.MA.ZS","","","","","","","","","","","","","","","","","","","","","","","","","","","","","","","","","","","","","","","","","","","","","","","","","","","","","","","","","","","","",
"Sri Lanka","LKA","Account ownership at a financial institution or with a mobile-money-service provider, male (% of population ages 15+)","FX.OWN.TOTL.MA.ZS","","","","","","","","","","","","","","","","","","","","","","","","","","","","","","","","","","","","","","","","","","","","","","","","","","","","69.9869842529297","","","82.2261123657227","","","73.8885955810547","","",
"Lower middle income","LMC","Account ownership at a financial institution or with a mobile-money-service provider, male (% of population ages 15+)","FX.OWN.TOTL.MA.ZS","","","","","","","","","","","","","","","","","","","","","","","","","","","","","","","","","","","","","","","","","","","","","","","","","","","","34.265941619873","","","48.0430526733398","","","62.7014083862305","","",
"Low & middle income","LMY","Account ownership at a financial institution or with a mobile-money-service provider, male (% of population ages 15+)","FX.OWN.TOTL.MA.ZS","","","","","","","","","","","","","","","","","","","","","","","","","","","","","","","","","","","","","","","","","","","","","","","","","","","","46.5806884765625","","","59.5575981140137","","","67.4690780639648","","",
"Lesotho","LSO","Account ownership at a financial institution or with a mobile-money-service provider, male (% of population ages 15+)","FX.OWN.TOTL.MA.ZS","","","","","","","","","","","","","","","","","","","","","","","","","","","","","","","","","","","","","","","","","","","","","","","","","","","","20.2422580718994","","","","","","44.6041831970215","","",
"Late-demographic dividend","LTE","Account ownership at a financial institution or with a mobile-money-service provider, male (% of population ages 15+)","FX.OWN.TOTL.MA.ZS","","","","","","","","","","","","","","","","","","","","","","","","","","","","","","","","","","","","","","","","","","","","","","","","","","","","","","","","","","","","",
"Lithuania","LTU","Account ownership at a financial institution or with a mobile-money-service provider, male (% of population ages 15+)","FX.OWN.TOTL.MA.ZS","","","","","","","","","","","","","","","","","","","","","","","","","","","","","","","","","","","","","","","","","","","","","","","","","","","","71.0091705322266","","","77.9407119750977","","","85.1218872070313","","",
"Luxembourg","LUX","Account ownership at a financial institution or with a mobile-money-service provider, male (% of population ages 15+)","FX.OWN.TOTL.MA.ZS","","","","","","","","","","","","","","","","","","","","","","","","","","","","","","","","","","","","","","","","","","","","","","","","","","","","93.7487030029297","","","95.6369247436523","","","99.3469924926758","","",
"Latvia","LVA","Account ownership at a financial institution or with a mobile-money-service provider, male (% of population ages 15+)","FX.OWN.TOTL.MA.ZS","","","","","","","","","","","","","","","","","","","","","","","","","","","","","","","","","","","","","","","","","","","","","","","","","","","","86.7436370849609","","","90.2753372192383","","","94.0785140991211","","",
"Macao SAR, China","MAC","Account ownership at a financial institution or with a mobile-money-service provider, male (% of population ages 15+)","FX.OWN.TOTL.MA.ZS","","","","","","","","","","","","","","","","","","","","","","","","","","","","","","","","","","","","","","","","","","","","","","","","","","","","","","","","","","","","",
"St. Martin (French part)","MAF","Account ownership at a financial institution or with a mobile-money-service provider, male (% of population ages 15+)","FX.OWN.TOTL.MA.ZS","","","","","","","","","","","","","","","","","","","","","","","","","","","","","","","","","","","","","","","","","","","","","","","","","","","","","","","","","","","","",
"Morocco","MAR","Account ownership at a financial institution or with a mobile-money-service provider, male (% of population ages 15+)","FX.OWN.TOTL.MA.ZS","","","","","","","","","","","","","","","","","","","","","","","","","","","","","","","","","","","","","","","","","","","","","","","","","","","","","","","","","","41.469554901123","","",
"Monaco","MCO","Account ownership at a financial institution or with a mobile-money-service provider, male (% of population ages 15+)","FX.OWN.TOTL.MA.ZS","","","","","","","","","","","","","","","","","","","","","","","","","","","","","","","","","","","","","","","","","","","","","","","","","","","","","","","","","","","","",
"Moldova","MDA","Account ownership at a financial institution or with a mobile-money-service provider, male (% of population ages 15+)","FX.OWN.TOTL.MA.ZS","","","","","","","","","","","","","","","","","","","","","","","","","","","","","","","","","","","","","","","","","","","","","","","","","","","","19.0943813323975","","","16.3993606567383","","","42.9407997131348","","",
"Madagascar","MDG","Account ownership at a financial institution or with a mobile-money-service provider, male (% of population ages 15+)","FX.OWN.TOTL.MA.ZS","","","","","","","","","","","","","","","","","","","","","","","","","","","","","","","","","","","","","","","","","","","","","","","","","","","","6.49859142303467","","","8.74426078796387","","","19.6076354980469","","",
"Maldives","MDV","Account ownership at a financial institution or with a mobile-money-service provider, male (% of population ages 15+)","FX.OWN.TOTL.MA.ZS","","","","","","","","","","","","","","","","","","","","","","","","","","","","","","","","","","","","","","","","","","","","","","","","","","","","","","","","","","","","",
"Middle East & North Africa","MEA","Account ownership at a financial institution or with a mobile-money-service provider, male (% of population ages 15+)","FX.OWN.TOTL.MA.ZS","","","","","","","","","","","","","","","","","","","","","","","","","","","","","","","","","","","","","","","","","","","","","","","","","","","","46.5945816040039","","","","","","56.845890045166","","",
"Mexico","MEX","Account ownership at a financial institution or with a mobile-money-service provider, male (% of population ages 15+)","FX.OWN.TOTL.MA.ZS","","","","","","","","","","","","","","","","","","","","","","","","","","","","","","","","","","","","","","","","","","","","","","","","","","","","33.1920928955078","","","39.4000778198242","","","41.0988273620605","","",
"Marshall Islands","MHL","Account ownership at a financial institution or with a mobile-money-service provider, male (% of population ages 15+)","FX.OWN.TOTL.MA.ZS","","","","","","","","","","","","","","","","","","","","","","","","","","","","","","","","","","","","","","","","","","","","","","","","","","","","","","","","","","","","",
"Middle income","MIC","Account ownership at a financial institution or with a mobile-money-service provider, male (% of population ages 15+)","FX.OWN.TOTL.MA.ZS","","","","","","","","","","","","","","","","","","","","","","","","","","","","","","","","","","","","","","","","","","","","","","","","","","","","48.3939666748047","","","61.9182167053223","","","69.6751556396484","","",
"North Macedonia","MKD","Account ownership at a financial institution or with a mobile-money-service provider, male (% of population ages 15+)","FX.OWN.TOTL.MA.ZS","","","","","","","","","","","","","","","","","","","","","","","","","","","","","","","","","","","","","","","","","","","","","","","","","","","","75.8713150024414","","","79.7372665405273","","","80.3646392822266","","",
"Mali","MLI","Account ownership at a financial institution or with a mobile-money-service provider, male (% of population ages 15+)","FX.OWN.TOTL.MA.ZS","","","","","","","","","","","","","","","","","","","","","","","","","","","","","","","","","","","","","","","","","","","","","","","","","","","","9.56305313110352","","","25.6376895904541","","","45.4575958251953","","",
"Malta","MLT","Account ownership at a financial institution or with a mobile-money-service provider, male (% of population ages 15+)","FX.OWN.TOTL.MA.ZS","","","","","","","","","","","","","","","","","","","","","","","","","","","","","","","","","","","","","","","","","","","","","","","","","","","","96.5685882568359","","","97.0911026000977","","","97.7760391235352","","",
"Myanmar","MMR","Account ownership at a financial institution or with a mobile-money-service provider, male (% of population ages 15+)","FX.OWN.TOTL.MA.ZS","","","","","","","","","","","","","","","","","","","","","","","","","","","","","","","","","","","","","","","","","","","","","","","","","","","","","","","28.5966701507568","","","26.0077114105225","","",
"Middle East & North Africa (excluding high income)","MNA","Account ownership at a financial institution or with a mobile-money-service provider, male (% of population ages 15+)","FX.OWN.TOTL.MA.ZS","","","","","","","","","","","","","","","","","","","","","","","","","","","","","","","","","","","","","","","","","","","","","","","","","","","","40.1223831176758","","","","","","52.2929534912109","","",
"Montenegro","MNE","Account ownership at a financial institution or with a mobile-money-service provider, male (% of population ages 15+)","FX.OWN.TOTL.MA.ZS","","","","","","","","","","","","","","","","","","","","","","","","","","","","","","","","","","","","","","","","","","","","","","","","","","","","52.1508941650391","","","61.8943939208984","","","69.1868667602539","","",
"Mongolia","MNG","Account ownership at a financial institution or with a mobile-money-service provider, male (% of population ages 15+)","FX.OWN.TOTL.MA.ZS","","","","","","","","","","","","","","","","","","","","","","","","","","","","","","","","","","","","","","","","","","","","","","","","","","","","72.8418502807617","","","90.2977676391602","","","90.8124465942383","","",
"Northern Mariana Islands","MNP","Account ownership at a financial institution or with a mobile-money-service provider, male (% of population ages 15+)","FX.OWN.TOTL.MA.ZS","","","","","","","","","","","","","","","","","","","","","","","","","","","","","","","","","","","","","","","","","","","","","","","","","","","","","","","","","","","","",
"Mozambique","MOZ","Account ownership at a financial institution or with a mobile-money-service provider, male (% of population ages 15+)","FX.OWN.TOTL.MA.ZS","","","","","","","","","","","","","","","","","","","","","","","","","","","","","","","","","","","","","","","","","","","","","","","","","","","","","","","","","","51.0665550231934","","",
"Mauritania","MRT","Account ownership at a financial institution or with a mobile-money-service provider, male (% of population ages 15+)","FX.OWN.TOTL.MA.ZS","","","","","","","","","","","","","","","","","","","","","","","","","","","","","","","","","","","","","","","","","","","","","","","","","","","","23.3032703399658","","","24.8403224945068","","","26.2859287261963","","",
"Mauritius","MUS","Account ownership at a financial institution or with a mobile-money-service provider, male (% of population ages 15+)","FX.OWN.TOTL.MA.ZS","","","","","","","","","","","","","","","","","","","","","","","","","","","","","","","","","","","","","","","","","","","","","","","","","","","","85.8156356811523","","","84.5860443115234","","","92.7059707641602","","",
"Malawi","MWI","Account ownership at a financial institution or with a mobile-money-service provider, male (% of population ages 15+)","FX.OWN.TOTL.MA.ZS","","","","","","","","","","","","","","","","","","","","","","","","","","","","","","","","","","","","","","","","","","","","","","","","","","","","16.1718463897705","","","22.4683494567871","","","37.9421119689941","","",
"Malaysia","MYS","Account ownership at a financial institution or with a mobile-money-service provider, male (% of population ages 15+)","FX.OWN.TOTL.MA.ZS","","","","","","","","","","","","","","","","","","","","","","","","","","","","","","","","","","","","","","","","","","","","","","","","","","","","69.2193832397461","","","83.0129776000977","","","87.9162902832031","","",
"North America","NAC","Account ownership at a financial institution or with a mobile-money-service provider, male (% of population ages 15+)","FX.OWN.TOTL.MA.ZS","","","","","","","","","","","","","","","","","","","","","","","","","","","","","","","","","","","","","","","","","","","","","","","","","","","","92.2150650024414","","","93.0309753417969","","","94.1877746582031","","",
"Namibia","NAM","Account ownership at a financial institution or with a mobile-money-service provider, male (% of population ages 15+)","FX.OWN.TOTL.MA.ZS","","","","","","","","","","","","","","","","","","","","","","","","","","","","","","","","","","","","","","","","","","","","","","","","","","","","","","","61.1233711242676","","","80.5999450683594","","",
"New Caledonia","NCL","Account ownership at a financial institution or with a mobile-money-service provider, male (% of population ages 15+)","FX.OWN.TOTL.MA.ZS","","","","","","","","","","","","","","","","","","","","","","","","","","","","","","","","","","","","","","","","","","","","","","","","","","","","","","","","","","","","",
"Niger","NER","Account ownership at a financial institution or with a mobile-money-service provider, male (% of population ages 15+)","FX.OWN.TOTL.MA.ZS","","","","","","","","","","","","","","","","","","","","","","","","","","","","","","","","","","","","","","","","","","","","","","","","","","","","1.59079527854919","","","9.05680656433105","","","19.9424571990967","","",
"Nigeria","NGA","Account ownership at a financial institution or with a mobile-money-service provider, male (% of population ages 15+)","FX.OWN.TOTL.MA.ZS","","","","","","","","","","","","","","","","","","","","","","","","","","","","","","","","","","","","","","","","","","","","","","","","","","","","33.2768936157227","","","54.3624801635742","","","51.4073371887207","","",
"Nicaragua","NIC","Account ownership at a financial institution or with a mobile-money-service provider, male (% of population ages 15+)","FX.OWN.TOTL.MA.ZS","","","","","","","","","","","","","","","","","","","","","","","","","","","","","","","","","","","","","","","","","","","","","","","","","","","","15.703031539917","","","24.7133979797363","","","37.4221267700195","","",
"Netherlands","NLD","Account ownership at a financial institution or with a mobile-money-service provider, male (% of population ages 15+)","FX.OWN.TOTL.MA.ZS","","","","","","","","","","","","","","","","","","","","","","","","","","","","","","","","","","","","","","","","","","","","","","","","","","","","98.9706039428711","","","99.4192428588867","","","99.4386978149414","","",
"Norway","NOR","Account ownership at a financial institution or with a mobile-money-service provider, male (% of population ages 15+)","FX.OWN.TOTL.MA.ZS","","","","","","","","","","","","","","","","","","","","","","","","","","","","","","","","","","","","","","","","","","","","","","","","","","","","","","","100","","","99.4926528930664","","",
"Nepal","NPL","Account ownership at a financial institution or with a mobile-money-service provider, male (% of population ages 15+)","FX.OWN.TOTL.MA.ZS","","","","","","","","","","","","","","","","","","","","","","","","","","","","","","","","","","","","","","","","","","","","","","","","","","","","29.5582466125488","","","36.724479675293","","","49.9813385009766","","",
"Nauru","NRU","Account ownership at a financial institution or with a mobile-money-service provider, male (% of population ages 15+)","FX.OWN.TOTL.MA.ZS","","","","","","","","","","","","","","","","","","","","","","","","","","","","","","","","","","","","","","","","","","","","","","","","","","","","","","","","","","","","",
"New Zealand","NZL","Account ownership at a financial institution or with a mobile-money-service provider, male (% of population ages 15+)","FX.OWN.TOTL.MA.ZS","","","","","","","","","","","","","","","","","","","","","","","","","","","","","","","","","","","","","","","","","","","","","","","","","","","","99.423942565918","","","99.8644256591797","","","98.9938888549805","","",
"OECD members","OED","Account ownership at a financial institution or with a mobile-money-service provider, male (% of population ages 15+)","FX.OWN.TOTL.MA.ZS","","","","","","","","","","","","","","","","","","","","","","","","","","","","","","","","","","","","","","","","","","","","","","","","","","","","91.7666625976563","","","94.2708358764648","","","95.3047103881836","","",
"Oman","OMN","Account ownership at a financial institution or with a mobile-money-service provider, male (% of population ages 15+)","FX.OWN.TOTL.MA.ZS","","","","","","","","","","","","","","","","","","","","","","","","","","","","","","","","","","","","","","","","","","","","","","","","","","","","83.749870300293","","","","","","","","",
"Other small states","OSS","Account ownership at a financial institution or with a mobile-money-service provider, male (% of population ages 15+)","FX.OWN.TOTL.MA.ZS","","","","","","","","","","","","","","","","","","","","","","","","","","","","","","","","","","","","","","","","","","","","","","","","","","","","","","","","","","","","",
"Pakistan","PAK","Account ownership at a financial institution or with a mobile-money-service provider, male (% of population ages 15+)","FX.OWN.TOTL.MA.ZS","","","","","","","","","","","","","","","","","","","","","","","","","","","","","","","","","","","","","","","","","","","","","","","","","","","","17.2815284729004","","","20.9723567962646","","","34.6076583862305","","",
"Panama","PAN","Account ownership at a financial institution or with a mobile-money-service provider, male (% of population ages 15+)","FX.OWN.TOTL.MA.ZS","","","","","","","","","","","","","","","","","","","","","","","","","","","","","","","","","","","","","","","","","","","","","","","","","","","","26.5485401153564","","","47.0188446044922","","","50.8590393066406","","",
"Peru","PER","Account ownership at a financial institution or with a mobile-money-service provider, male (% of population ages 15+)","FX.OWN.TOTL.MA.ZS","","","","","","","","","","","","","","","","","","","","","","","","","","","","","","","","","","","","","","","","","","","","","","","","","","","","23.4454193115234","","","35.6586532592773","","","50.9729843139648","","",
"Philippines","PHL","Account ownership at a financial institution or with a mobile-money-service provider, male (% of population ages 15+)","FX.OWN.TOTL.MA.ZS","","","","","","","","","","","","","","","","","","","","","","","","","","","","","","","","","","","","","","","","","","","","","","","","","","","","19.003101348877","","","24.4019508361816","","","30.0197010040283","","",
"Palau","PLW","Account ownership at a financial institution or with a mobile-money-service provider, male (% of population ages 15+)","FX.OWN.TOTL.MA.ZS","","","","","","","","","","","","","","","","","","","","","","","","","","","","","","","","","","","","","","","","","","","","","","","","","","","","","","","","","","","","",
"Papua New Guinea","PNG","Account ownership at a financial institution or with a mobile-money-service provider, male (% of population ages 15+)","FX.OWN.TOTL.MA.ZS","","","","","","","","","","","","","","","","","","","","","","","","","","","","","","","","","","","","","","","","","","","","","","","","","","","","","","","","","","","","",
"Poland","POL","Account ownership at a financial institution or with a mobile-money-service provider, male (% of population ages 15+)","FX.OWN.TOTL.MA.ZS","","","","","","","","","","","","","","","","","","","","","","","","","","","","","","","","","","","","","","","","","","","","","","","","","","","","72.371711730957","","","83.2598037719727","","","85.3751449584961","","",
"Pre-demographic dividend","PRE","Account ownership at a financial institution or with a mobile-money-service provider, male (% of population ages 15+)","FX.OWN.TOTL.MA.ZS","","","","","","","","","","","","","","","","","","","","","","","","","","","","","","","","","","","","","","","","","","","","","","","","","","","","","","","","","","","","",
"Puerto Rico","PRI","Account ownership at a financial institution or with a mobile-money-service provider, male (% of population ages 15+)","FX.OWN.TOTL.MA.ZS","","","","","","","","","","","","","","","","","","","","","","","","","","","","","","","","","","","","","","","","","","","","","","","","","","","","","","","73.7037734985352","","","","","",
"Korea, Dem. People’s Rep.","PRK","Account ownership at a financial institution or with a mobile-money-service provider, male (% of population ages 15+)","FX.OWN.TOTL.MA.ZS","","","","","","","","","","","","","","","","","","","","","","","","","","","","","","","","","","","","","","","","","","","","","","","","","","","","","","","","","","","","",
"Portugal","PRT","Account ownership at a financial institution or with a mobile-money-service provider, male (% of population ages 15+)","FX.OWN.TOTL.MA.ZS","","","","","","","","","","","","","","","","","","","","","","","","","","","","","","","","","","","","","","","","","","","","","","","","","","","","85.1370315551758","","","88.836296081543","","","94.2271041870117","","",
"Paraguay","PRY","Account ownership at a financial institution or with a mobile-money-service provider, male (% of population ages 15+)","FX.OWN.TOTL.MA.ZS","","","","","","","","","","","","","","","","","","","","","","","","","","","","","","","","","","","","","","","","","","","","","","","","","","","","20.6756591796875","","","","","","51.2244110107422","","",
"West Bank and Gaza","PSE","Account ownership at a financial institution or with a mobile-money-service provider, male (% of population ages 15+)","FX.OWN.TOTL.MA.ZS","","","","","","","","","","","","","","","","","","","","","","","","","","","","","","","","","","","","","","","","","","","","","","","","","","","","28.666072845459","","","27.3375453948975","","","34.4360008239746","","",
"Pacific island small states","PSS","Account ownership at a financial institution or with a mobile-money-service provider, male (% of population ages 15+)","FX.OWN.TOTL.MA.ZS","","","","","","","","","","","","","","","","","","","","","","","","","","","","","","","","","","","","","","","","","","","","","","","","","","","","","","","","","","","","",
"Post-demographic dividend","PST","Account ownership at a financial institution or with a mobile-money-service provider, male (% of population ages 15+)","FX.OWN.TOTL.MA.ZS","","","","","","","","","","","","","","","","","","","","","","","","","","","","","","","","","","","","","","","","","","","","","","","","","","","","","","","","","","","","",
"French Polynesia","PYF","Account ownership at a financial institution or with a mobile-money-service provider, male (% of population ages 15+)","FX.OWN.TOTL.MA.ZS","","","","","","","","","","","","","","","","","","","","","","","","","","","","","","","","","","","","","","","","","","","","","","","","","","","","","","","","","","","","",
"Qatar","QAT","Account ownership at a financial institution or with a mobile-money-service provider, male (% of population ages 15+)","FX.OWN.TOTL.MA.ZS","","","","","","","","","","","","","","","","","","","","","","","","","","","","","","","","","","","","","","","","","","","","","","","","","","","","68.5700149536133","","","","","","","","",
"Romania","ROU","Account ownership at a financial institution or with a mobile-money-service provider, male (% of population ages 15+)","FX.OWN.TOTL.MA.ZS","","","","","","","","","","","","","","","","","","","","","","","","","","","","","","","","","","","","","","","","","","","","","","","","","","","","48.5323753356934","","","65.1522216796875","","","62.3982429504395","","",
"Russian Federation","RUS","Account ownership at a financial institution or with a mobile-money-service provider, male (% of population ages 15+)","FX.OWN.TOTL.MA.ZS","","","","","","","","","","","","","","","","","","","","","","","","","","","","","","","","","","","","","","","","","","","","","","","","","","","","48.7808685302734","","","63.7995223999023","","","75.3035278320313","","",
"Rwanda","RWA","Account ownership at a financial institution or with a mobile-money-service provider, male (% of population ages 15+)","FX.OWN.TOTL.MA.ZS","","","","","","","","","","","","","","","","","","","","","","","","","","","","","","","","","","","","","","","","","","","","","","","","","","","","37.5087203979492","","","49.0436325073242","","","55.7454643249512","","",
"South Asia","SAS","Account ownership at a financial institution or with a mobile-money-service provider, male (% of population ages 15+)","FX.OWN.TOTL.MA.ZS","","","","","","","","","","","","","","","","","","","","","","","","","","","","","","","","","","","","","","","","","","","","","","","","","","","","40.2240257263184","","","55.2256507873535","","","74.8392562866211","","",
"Saudi Arabia","SAU","Account ownership at a financial institution or with a mobile-money-service provider, male (% of population ages 15+)","FX.OWN.TOTL.MA.ZS","","","","","","","","","","","","","","","","","","","","","","","","","","","","","","","","","","","","","","","","","","","","","","","","","","","","72.7211380004883","","","75.3258819580078","","","80.5369873046875","","",
"Sudan","SDN","Account ownership at a financial institution or with a mobile-money-service provider, male (% of population ages 15+)","FX.OWN.TOTL.MA.ZS","","","","","","","","","","","","","","","","","","","","","","","","","","","","","","","","","","","","","","","","","","","","","","","","","","","","9.44640350341797","","","20.2238254547119","","","","","",
"Senegal","SEN","Account ownership at a financial institution or with a mobile-money-service provider, male (% of population ages 15+)","FX.OWN.TOTL.MA.ZS","","","","","","","","","","","","","","","","","","","","","","","","","","","","","","","","","","","","","","","","","","","","","","","","","","","","6.23653602600098","","","19.9265022277832","","","46.7249603271484","","",
"Singapore","SGP","Account ownership at a financial institution or with a mobile-money-service provider, male (% of population ages 15+)","FX.OWN.TOTL.MA.ZS","","","","","","","","","","","","","","","","","","","","","","","","","","","","","","","","","","","","","","","","","","","","","","","","","","","","98.2323379516602","","","96.6438140869141","","","99.6826629638672","","",
"Solomon Islands","SLB","Account ownership at a financial institution or with a mobile-money-service provider, male (% of population ages 15+)","FX.OWN.TOTL.MA.ZS","","","","","","","","","","","","","","","","","","","","","","","","","","","","","","","","","","","","","","","","","","","","","","","","","","","","","","","","","","","","",
"Sierra Leone","SLE","Account ownership at a financial institution or with a mobile-money-service provider, male (% of population ages 15+)","FX.OWN.TOTL.MA.ZS","","","","","","","","","","","","","","","","","","","","","","","","","","","","","","","","","","","","","","","","","","","","","","","","","","","","18.0477924346924","","","18.9305744171143","","","24.7719039916992","","",
"El Salvador","SLV","Account ownership at a financial institution or with a mobile-money-service provider, male (% of population ages 15+)","FX.OWN.TOTL.MA.ZS","","","","","","","","","","","","","","","","","","","","","","","","","","","","","","","","","","","","","","","","","","","","","","","","","","","","17.615816116333","","","41.8710250854492","","","37.5771446228027","","",
"San Marino","SMR","Account ownership at a financial institution or with a mobile-money-service provider, male (% of population ages 15+)","FX.OWN.TOTL.MA.ZS","","","","","","","","","","","","","","","","","","","","","","","","","","","","","","","","","","","","","","","","","","","","","","","","","","","","","","","","","","","","",
"Somalia","SOM","Account ownership at a financial institution or with a mobile-money-service provider, male (% of population ages 15+)","FX.OWN.TOTL.MA.ZS","","","","","","","","","","","","","","","","","","","","","","","","","","","","","","","","","","","","","","","","","","","","","","","","","","","","","","","43.5679321289063","","","","","",
"Serbia","SRB","Account ownership at a financial institution or with a mobile-money-service provider, male (% of population ages 15+)","FX.OWN.TOTL.MA.ZS","","","","","","","","","","","","","","","","","","","","","","","","","","","","","","","","","","","","","","","","","","","","","","","","","","","","62.1052436828613","","","83.228645324707","","","72.8762283325195","","",
"Sub-Saharan Africa (excluding high income)","SSA","Account ownership at a financial institution or with a mobile-money-service provider, male (% of population ages 15+)","FX.OWN.TOTL.MA.ZS","","","","","","","","","","","","","","","","","","","","","","","","","","","","","","","","","","","","","","","","","","","","","","","","","","","","25.7544193267822","","","38.5582046508789","","","48.439022064209","","",
"South Sudan","SSD","Account ownership at a financial institution or with a mobile-money-service provider, male (% of population ages 15+)","FX.OWN.TOTL.MA.ZS","","","","","","","","","","","","","","","","","","","","","","","","","","","","","","","","","","","","","","","","","","","","","","","","","","","","","","","","","","12.5030727386475","","",
"Sub-Saharan Africa","SSF","Account ownership at a financial institution or with a mobile-money-service provider, male (% of population ages 15+)","FX.OWN.TOTL.MA.ZS","","","","","","","","","","","","","","","","","","","","","","","","","","","","","","","","","","","","","","","","","","","","","","","","","","","","25.7544193267822","","","38.5582046508789","","","48.439022064209","","",
"Small states","SST","Account ownership at a financial institution or with a mobile-money-service provider, male (% of population ages 15+)","FX.OWN.TOTL.MA.ZS","","","","","","","","","","","","","","","","","","","","","","","","","","","","","","","","","","","","","","","","","","","","","","","","","","","","","","","","","","","","",
"Sao Tome and Principe","STP","Account ownership at a financial institution or with a mobile-money-service provider, male (% of population ages 15+)","FX.OWN.TOTL.MA.ZS","","","","","","","","","","","","","","","","","","","","","","","","","","","","","","","","","","","","","","","","","","","","","","","","","","","","","","","","","","","","",
"Suriname","SUR","Account ownership at a financial institution or with a mobile-money-service provider, male (% of population ages 15+)","FX.OWN.TOTL.MA.ZS","","","","","","","","","","","","","","","","","","","","","","","","","","","","","","","","","","","","","","","","","","","","","","","","","","","","","","","","","","","","",
"Slovak Republic","SVK","Account ownership at a financial institution or with a mobile-money-service provider, male (% of population ages 15+)","FX.OWN.TOTL.MA.ZS","","","","","","","","","","","","","","","","","","","","","","","","","","","","","","","","","","","","","","","","","","","","","","","","","","","","80.3315277099609","","","74.2857131958008","","","85.3200225830078","","",
"Slovenia","SVN","Account ownership at a financial institution or with a mobile-money-service provider, male (% of population ages 15+)","FX.OWN.TOTL.MA.ZS","","","","","","","","","","","","","","","","","","","","","","","","","","","","","","","","","","","","","","","","","","","","","","","","","","","","96.0617980957031","","","97.5273056030273","","","98.1551208496094","","",
"Sweden","SWE","Account ownership at a financial institution or with a mobile-money-service provider, male (% of population ages 15+)","FX.OWN.TOTL.MA.ZS","","","","","","","","","","","","","","","","","","","","","","","","","","","","","","","","","","","","","","","","","","","","","","","","","","","","98.9702529907227","","","99.6808242797852","","","99.4812316894531","","",
"Eswatini","SWZ","Account ownership at a financial institution or with a mobile-money-service provider, male (% of population ages 15+)","FX.OWN.TOTL.MA.ZS","","","","","","","","","","","","","","","","","","","","","","","","","","","","","","","","","","","","","","","","","","","","","","","","","","","","29.7359504699707","","","","","","","","",
"Sint Maarten (Dutch part)","SXM","Account ownership at a financial institution or with a mobile-money-service provider, male (% of population ages 15+)","FX.OWN.TOTL.MA.ZS","","","","","","","","","","","","","","","","","","","","","","","","","","","","","","","","","","","","","","","","","","","","","","","","","","","","","","","","","","","","",
"Seychelles","SYC","Account ownership at a financial institution or with a mobile-money-service provider, male (% of population ages 15+)","FX.OWN.TOTL.MA.ZS","","","","","","","","","","","","","","","","","","","","","","","","","","","","","","","","","","","","","","","","","","","","","","","","","","","","","","","","","","","","",
"Syrian Arab Republic","SYR","Account ownership at a financial institution or with a mobile-money-service provider, male (% of population ages 15+)","FX.OWN.TOTL.MA.ZS","","","","","","","","","","","","","","","","","","","","","","","","","","","","","","","","","","","","","","","","","","","","","","","","","","","","26.7666454315186","","","","","","","","",
"Turks and Caicos Islands","TCA","Account ownership at a financial institution or with a mobile-money-service provider, male (% of population ages 15+)","FX.OWN.TOTL.MA.ZS","","","","","","","","","","","","","","","","","","","","","","","","","","","","","","","","","","","","","","","","","","","","","","","","","","","","","","","","","","","","",
"Chad","TCD","Account ownership at a financial institution or with a mobile-money-service provider, male (% of population ages 15+)","FX.OWN.TOTL.MA.ZS","","","","","","","","","","","","","","","","","","","","","","","","","","","","","","","","","","","","","","","","","","","","","","","","","","","","11.4630584716797","","","17.4585285186768","","","29.0307884216309","","",
"East Asia & Pacific (IDA & IBRD countries)","TEA","Account ownership at a financial institution or with a mobile-money-service provider, male (% of population ages 15+)","FX.OWN.TOTL.MA.ZS","","","","","","","","","","","","","","","","","","","","","","","","","","","","","","","","","","","","","","","","","","","","","","","","","","","","","","","","","","","","",
"Europe & Central Asia (IDA & IBRD countries)","TEC","Account ownership at a financial institution or with a mobile-money-service provider, male (% of population ages 15+)","FX.OWN.TOTL.MA.ZS","","","","","","","","","","","","","","","","","","","","","","","","","","","","","","","","","","","","","","","","","","","","","","","","","","","","","","","","","","","","",
"Togo","TGO","Account ownership at a financial institution or with a mobile-money-service provider, male (% of population ages 15+)","FX.OWN.TOTL.MA.ZS","","","","","","","","","","","","","","","","","","","","","","","","","","","","","","","","","","","","","","","","","","","","","","","","","","","","11.1866445541382","","","21.4943237304688","","","53.0494041442871","","",
"Thailand","THA","Account ownership at a financial institution or with a mobile-money-service provider, male (% of population ages 15+)","FX.OWN.TOTL.MA.ZS","","","","","","","","","","","","","","","","","","","","","","","","","","","","","","","","","","","","","","","","","","","","","","","","","","","","72.7000732421875","","","81.242919921875","","","83.6913757324219","","",
"Tajikistan","TJK","Account ownership at a financial institution or with a mobile-money-service provider, male (% of population ages 15+)","FX.OWN.TOTL.MA.ZS","","","","","","","","","","","","","","","","","","","","","","","","","","","","","","","","","","","","","","","","","","","","","","","","","","","","2.95849871635437","","","13.8953294754028","","","52.0938110351563","","",
"Turkmenistan","TKM","Account ownership at a financial institution or with a mobile-money-service provider, male (% of population ages 15+)","FX.OWN.TOTL.MA.ZS","","","","","","","","","","","","","","","","","","","","","","","","","","","","","","","","","","","","","","","","","","","","","","","","","","","","0","","","","","","45.7125549316406","","",
"Latin America & the Caribbean (IDA & IBRD countries)","TLA","Account ownership at a financial institution or with a mobile-money-service provider, male (% of population ages 15+)","FX.OWN.TOTL.MA.ZS","","","","","","","","","","","","","","","","","","","","","","","","","","","","","","","","","","","","","","","","","","","","","","","","","","","","","","","","","","","","",
"Timor-Leste","TLS","Account ownership at a financial institution or with a mobile-money-service provider, male (% of population ages 15+)","FX.OWN.TOTL.MA.ZS","","","","","","","","","","","","","","","","","","","","","","","","","","","","","","","","","","","","","","","","","","","","","","","","","","","","","","","","","","","","",
"Middle East & North Africa (IDA & IBRD countries)","TMN","Account ownership at a financial institution or with a mobile-money-service provider, male (% of population ages 15+)","FX.OWN.TOTL.MA.ZS","","","","","","","","","","","","","","","","","","","","","","","","","","","","","","","","","","","","","","","","","","","","","","","","","","","","","","","","","","","","",
"Tonga","TON","Account ownership at a financial institution or with a mobile-money-service provider, male (% of population ages 15+)","FX.OWN.TOTL.MA.ZS","","","","","","","","","","","","","","","","","","","","","","","","","","","","","","","","","","","","","","","","","","","","","","","","","","","","","","","","","","","","",
"South Asia (IDA & IBRD)","TSA","Account ownership at a financial institution or with a mobile-money-service provider, male (% of population ages 15+)","FX.OWN.TOTL.MA.ZS","","","","","","","","","","","","","","","","","","","","","","","","","","","","","","","","","","","","","","","","","","","","","","","","","","","","","","","","","","","","",
"Sub-Saharan Africa (IDA & IBRD countries)","TSS","Account ownership at a financial institution or with a mobile-money-service provider, male (% of population ages 15+)","FX.OWN.TOTL.MA.ZS","","","","","","","","","","","","","","","","","","","","","","","","","","","","","","","","","","","","","","","","","","","","","","","","","","","","","","","","","","","","",
"Trinidad and Tobago","TTO","Account ownership at a financial institution or with a mobile-money-service provider, male (% of population ages 15+)","FX.OWN.TOTL.MA.ZS","","","","","","","","","","","","","","","","","","","","","","","","","","","","","","","","","","","","","","","","","","","","","","","","","","","","81.9860305786133","","","","","","88.2246322631836","","",
"Tunisia","TUN","Account ownership at a financial institution or with a mobile-money-service provider, male (% of population ages 15+)","FX.OWN.TOTL.MA.ZS","","","","","","","","","","","","","","","","","","","","","","","","","","","","","","","","","","","","","","","","","","","","","","","","","","","","","","","34.2493362426758","","","45.731128692627","","",
"Turkey","TUR","Account ownership at a financial institution or with a mobile-money-service provider, male (% of population ages 15+)","FX.OWN.TOTL.MA.ZS","","","","","","","","","","","","","","","","","","","","","","","","","","","","","","","","","","","","","","","","","","","","","","","","","","","","82.0568771362305","","","69.157096862793","","","82.9945602416992","","",
"Tuvalu","TUV","Account ownership at a financial institution or with a mobile-money-service provider, male (% of population ages 15+)","FX.OWN.TOTL.MA.ZS","","","","","","","","","","","","","","","","","","","","","","","","","","","","","","","","","","","","","","","","","","","","","","","","","","","","","","","","","","","","",
"Tanzania","TZA","Account ownership at a financial institution or with a mobile-money-service provider, male (% of population ages 15+)","FX.OWN.TOTL.MA.ZS","","","","","","","","","","","","","","","","","","","","","","","","","","","","","","","","","","","","","","","","","","","","","","","","","","","","20.7948513031006","","","45.4474792480469","","","51.5535697937012","","",
"Uganda","UGA","Account ownership at a financial institution or with a mobile-money-service provider, male (% of population ages 15+)","FX.OWN.TOTL.MA.ZS","","","","","","","","","","","","","","","","","","","","","","","","","","","","","","","","","","","","","","","","","","","","","","","","","","","","25.7830104827881","","","52.3556594848633","","","66.0769958496094","","",
"Ukraine","UKR","Account ownership at a financial institution or with a mobile-money-service provider, male (% of population ages 15+)","FX.OWN.TOTL.MA.ZS","","","","","","","","","","","","","","","","","","","","","","","","","","","","","","","","","","","","","","","","","","","","","","","","","","","","43.8778610229492","","","54.017894744873","","","65.0290832519531","","",
"Upper middle income","UMC","Account ownership at a financial institution or with a mobile-money-service provider, male (% of population ages 15+)","FX.OWN.TOTL.MA.ZS","","","","","","","","","","","","","","","","","","","","","","","","","","","","","","","","","","","","","","","","","","","","","","","","","","","","61.7545127868652","","","74.4981079101563","","","76.9720153808594","","",
"Uruguay","URY","Account ownership at a financial institution or with a mobile-money-service provider, male (% of population ages 15+)","FX.OWN.TOTL.MA.ZS","","","","","","","","","","","","","","","","","","","","","","","","","","","","","","","","","","","","","","","","","","","","","","","","","","","","23.2125072479248","","","50.5615577697754","","","67.6058502197266","","",
"United States","USA","Account ownership at a financial institution or with a mobile-money-service provider, male (% of population ages 15+)","FX.OWN.TOTL.MA.ZS","","","","","","","","","","","","","","","","","","","","","","","","","","","","","","","","","","","","","","","","","","","","","","","","","","","","91.9819412231445","","","92.3612594604492","","","93.5703430175781","","",
"Uzbekistan","UZB","Account ownership at a financial institution or with a mobile-money-service provider, male (% of population ages 15+)","FX.OWN.TOTL.MA.ZS","","","","","","","","","","","","","","","","","","","","","","","","","","","","","","","","","","","","","","","","","","","","","","","","","","","","23.8178081512451","","","42.1921844482422","","","38.3331680297852","","",
"St. Vincent and the Grenadines","VCT","Account ownership at a financial institution or with a mobile-money-service provider, male (% of population ages 15+)","FX.OWN.TOTL.MA.ZS","","","","","","","","","","","","","","","","","","","","","","","","","","","","","","","","","","","","","","","","","","","","","","","","","","","","","","","","","","","","",
"Venezuela, RB","VEN","Account ownership at a financial institution or with a mobile-money-service provider, male (% of population ages 15+)","FX.OWN.TOTL.MA.ZS","","","","","","","","","","","","","","","","","","","","","","","","","","","","","","","","","","","","","","","","","","","","","","","","","","","","53.0591621398926","","","61.1089096069336","","","77.3059463500977","","",
"British Virgin Islands","VGB","Account ownership at a financial institution or with a mobile-money-service provider, male (% of population ages 15+)","FX.OWN.TOTL.MA.ZS","","","","","","","","","","","","","","","","","","","","","","","","","","","","","","","","","","","","","","","","","","","","","","","","","","","","","","","","","","","","",
"Virgin Islands (U.S.)","VIR","Account ownership at a financial institution or with a mobile-money-service provider, male (% of population ages 15+)","FX.OWN.TOTL.MA.ZS","","","","","","","","","","","","","","","","","","","","","","","","","","","","","","","","","","","","","","","","","","","","","","","","","","","","","","","","","","","","",
"Vietnam","VNM","Account ownership at a financial institution or with a mobile-money-service provider, male (% of population ages 15+)","FX.OWN.TOTL.MA.ZS","","","","","","","","","","","","","","","","","","","","","","","","","","","","","","","","","","","","","","","","","","","","","","","","","","","","24.0045642852783","","","29.818338394165","","","31.205099105835","","",
"Vanuatu","VUT","Account ownership at a financial institution or with a mobile-money-service provider, male (% of population ages 15+)","FX.OWN.TOTL.MA.ZS","","","","","","","","","","","","","","","","","","","","","","","","","","","","","","","","","","","","","","","","","","","","","","","","","","","","","","","","","","","","",
"World","WLD","Account ownership at a financial institution or with a mobile-money-service provider, male (% of population ages 15+)","FX.OWN.TOTL.MA.ZS","","","","","","","","","","","","","","","","","","","","","","","","","","","","","","","","","","","","","","","","","","","","","","","","","","","","54.7482604980469","","","65.5758056640625","","","72.2668609619141","","",
"Samoa","WSM","Account ownership at a financial institution or with a mobile-money-service provider, male (% of population ages 15+)","FX.OWN.TOTL.MA.ZS","","","","","","","","","","","","","","","","","","","","","","","","","","","","","","","","","","","","","","","","","","","","","","","","","","","","","","","","","","","","",
"Kosovo","XKX","Account ownership at a financial institution or with a mobile-money-service provider, male (% of population ages 15+)","FX.OWN.TOTL.MA.ZS","","","","","","","","","","","","","","","","","","","","","","","","","","","","","","","","","","","","","","","","","","","","","","","","","","","","57.2689476013184","","","59.4378128051758","","","61.1476554870605","","",
"Yemen, Rep.","YEM","Account ownership at a financial institution or with a mobile-money-service provider, male (% of population ages 15+)","FX.OWN.TOTL.MA.ZS","","","","","","","","","","","","","","","","","","","","","","","","","","","","","","","","","","","","","","","","","","","","","","","","","","","","6.36483335494995","","","11.3917036056519","","","","","",
"South Africa","ZAF","Account ownership at a financial institution or with a mobile-money-service provider, male (% of population ages 15+)","FX.OWN.TOTL.MA.ZS","","","","","","","","","","","","","","","","","","","","","","","","","","","","","","","","","","","","","","","","","","","","","","","","","","","","56.3800354003906","","","70.2676086425781","","","68.3953247070313","","",
"Zambia","ZMB","Account ownership at a financial institution or with a mobile-money-service provider, male (% of population ages 15+)","FX.OWN.TOTL.MA.ZS","","","","","","","","","","","","","","","","","","","","","","","","","","","","","","","","","","","","","","","","","","","","","","","","","","","","19.3929233551025","","","38.1350860595703","","","51.6809234619141","","",
"Zimbabwe","ZWE","Account ownership at a financial institution or with a mobile-money-service provider, male (% of population ages 15+)","FX.OWN.TOTL.MA.ZS","","","","","","","","","","","","","","","","","","","","","","","","","","","","","","","","","","","","","","","","","","","","","","","","","","","","42.5455741882324","","","35.9539031982422","","","59.2275009155273","","",
