﻿"Data Source","World Development Indicators",

"Last Updated Date","2020-05-28",

"Country Name","Country Code","Indicator Name","Indicator Code","1960","1961","1962","1963","1964","1965","1966","1967","1968","1969","1970","1971","1972","1973","1974","1975","1976","1977","1978","1979","1980","1981","1982","1983","1984","1985","1986","1987","1988","1989","1990","1991","1992","1993","1994","1995","1996","1997","1998","1999","2000","2001","2002","2003","2004","2005","2006","2007","2008","2009","2010","2011","2012","2013","2014","2015","2016","2017","2018","2019",
"Aruba","ABW","Account ownership at a financial institution or with a mobile-money-service provider, female (% of population ages 15+)","FX.OWN.TOTL.FE.ZS","","","","","","","","","","","","","","","","","","","","","","","","","","","","","","","","","","","","","","","","","","","","","","","","","","","","","","","","","","","","",
"Afghanistan","AFG","Account ownership at a financial institution or with a mobile-money-service provider, female (% of population ages 15+)","FX.OWN.TOTL.FE.ZS","","","","","","","","","","","","","","","","","","","","","","","","","","","","","","","","","","","","","","","","","","","","","","","","","","","","2.61623001098633","","","3.81242561340332","","","7.16068458557129","","",
"Angola","AGO","Account ownership at a financial institution or with a mobile-money-service provider, female (% of population ages 15+)","FX.OWN.TOTL.FE.ZS","","","","","","","","","","","","","","","","","","","","","","","","","","","","","","","","","","","","","","","","","","","","","","","","","","","","38.9283447265625","","","22.3316459655762","","","","","",
"Albania","ALB","Account ownership at a financial institution or with a mobile-money-service provider, female (% of population ages 15+)","FX.OWN.TOTL.FE.ZS","","","","","","","","","","","","","","","","","","","","","","","","","","","","","","","","","","","","","","","","","","","","","","","","","","","","22.6726112365723","","","33.5942344665527","","","38.1029586791992","","",
"Andorra","AND","Account ownership at a financial institution or with a mobile-money-service provider, female (% of population ages 15+)","FX.OWN.TOTL.FE.ZS","","","","","","","","","","","","","","","","","","","","","","","","","","","","","","","","","","","","","","","","","","","","","","","","","","","","","","","","","","","","",
"Arab World","ARB","Account ownership at a financial institution or with a mobile-money-service provider, female (% of population ages 15+)","FX.OWN.TOTL.FE.ZS","","","","","","","","","","","","","","","","","","","","","","","","","","","","","","","","","","","","","","","","","","","","","","","","","","","","13.7758150100708","","","22.0793495178223","","","25.6354026794434","","",
"United Arab Emirates","ARE","Account ownership at a financial institution or with a mobile-money-service provider, female (% of population ages 15+)","FX.OWN.TOTL.FE.ZS","","","","","","","","","","","","","","","","","","","","","","","","","","","","","","","","","","","","","","","","","","","","","","","","","","","","47.2084350585938","","","67.6806182861328","","","76.4167175292969","","",
"Argentina","ARG","Account ownership at a financial institution or with a mobile-money-service provider, female (% of population ages 15+)","FX.OWN.TOTL.FE.ZS","","","","","","","","","","","","","","","","","","","","","","","","","","","","","","","","","","","","","","","","","","","","","","","","","","","","31.8185634613037","","","50.8523597717285","","","50.757251739502","","",
"Armenia","ARM","Account ownership at a financial institution or with a mobile-money-service provider, female (% of population ages 15+)","FX.OWN.TOTL.FE.ZS","","","","","","","","","","","","","","","","","","","","","","","","","","","","","","","","","","","","","","","","","","","","","","","","","","","","18.1485614776611","","","14.7447500228882","","","40.906436920166","","",
"American Samoa","ASM","Account ownership at a financial institution or with a mobile-money-service provider, female (% of population ages 15+)","FX.OWN.TOTL.FE.ZS","","","","","","","","","","","","","","","","","","","","","","","","","","","","","","","","","","","","","","","","","","","","","","","","","","","","","","","","","","","","",
"Antigua and Barbuda","ATG","Account ownership at a financial institution or with a mobile-money-service provider, female (% of population ages 15+)","FX.OWN.TOTL.FE.ZS","","","","","","","","","","","","","","","","","","","","","","","","","","","","","","","","","","","","","","","","","","","","","","","","","","","","","","","","","","","","",
"Australia","AUS","Account ownership at a financial institution or with a mobile-money-service provider, female (% of population ages 15+)","FX.OWN.TOTL.FE.ZS","","","","","","","","","","","","","","","","","","","","","","","","","","","","","","","","","","","","","","","","","","","","","","","","","","","","98.59228515625","","","99.0362319946289","","","99.1950912475586","","",
"Austria","AUT","Account ownership at a financial institution or with a mobile-money-service provider, female (% of population ages 15+)","FX.OWN.TOTL.FE.ZS","","","","","","","","","","","","","","","","","","","","","","","","","","","","","","","","","","","","","","","","","","","","","","","","","","","","96.5633087158203","","","97.3726654052734","","","98.3757705688477","","",
"Azerbaijan","AZE","Account ownership at a financial institution or with a mobile-money-service provider, female (% of population ages 15+)","FX.OWN.TOTL.FE.ZS","","","","","","","","","","","","","","","","","","","","","","","","","","","","","","","","","","","","","","","","","","","","","","","","","","","","14.2592506408691","","","25.8969879150391","","","27.7196254730225","","",
"Burundi","BDI","Account ownership at a financial institution or with a mobile-money-service provider, female (% of population ages 15+)","FX.OWN.TOTL.FE.ZS","","","","","","","","","","","","","","","","","","","","","","","","","","","","","","","","","","","","","","","","","","","","","","","","","","","","5.92800283432007","","","6.7262282371521","","","","","",
"Belgium","BEL","Account ownership at a financial institution or with a mobile-money-service provider, female (% of population ages 15+)","FX.OWN.TOTL.FE.ZS","","","","","","","","","","","","","","","","","","","","","","","","","","","","","","","","","","","","","","","","","","","","","","","","","","","","97.1845703125","","","99.5061950683594","","","98.8175506591797","","",
"Benin","BEN","Account ownership at a financial institution or with a mobile-money-service provider, female (% of population ages 15+)","FX.OWN.TOTL.FE.ZS","","","","","","","","","","","","","","","","","","","","","","","","","","","","","","","","","","","","","","","","","","","","","","","","","","","","9.80735397338867","","","13.5968770980835","","","28.5858879089355","","",
"Burkina Faso","BFA","Account ownership at a financial institution or with a mobile-money-service provider, female (% of population ages 15+)","FX.OWN.TOTL.FE.ZS","","","","","","","","","","","","","","","","","","","","","","","","","","","","","","","","","","","","","","","","","","","","","","","","","","","","10.8137102127075","","","12.6490087509155","","","34.4989356994629","","",
"Bangladesh","BGD","Account ownership at a financial institution or with a mobile-money-service provider, female (% of population ages 15+)","FX.OWN.TOTL.FE.ZS","","","","","","","","","","","","","","","","","","","","","","","","","","","","","","","","","","","","","","","","","","","","","","","","","","","","26.0116958618164","","","26.4532871246338","","","35.8363456726074","","",
"Bulgaria","BGR","Account ownership at a financial institution or with a mobile-money-service provider, female (% of population ages 15+)","FX.OWN.TOTL.FE.ZS","","","","","","","","","","","","","","","","","","","","","","","","","","","","","","","","","","","","","","","","","","","","","","","","","","","","55.4513168334961","","","63.1597099304199","","","73.6368560791016","","",
"Bahrain","BHR","Account ownership at a financial institution or with a mobile-money-service provider, female (% of population ages 15+)","FX.OWN.TOTL.FE.ZS","","","","","","","","","","","","","","","","","","","","","","","","","","","","","","","","","","","","","","","","","","","","","","","","","","","","48.7776718139648","","","66.7409744262695","","","75.40673828125","","",
"Bahamas, The","BHS","Account ownership at a financial institution or with a mobile-money-service provider, female (% of population ages 15+)","FX.OWN.TOTL.FE.ZS","","","","","","","","","","","","","","","","","","","","","","","","","","","","","","","","","","","","","","","","","","","","","","","","","","","","","","","","","","","","",
"Bosnia and Herzegovina","BIH","Account ownership at a financial institution or with a mobile-money-service provider, female (% of population ages 15+)","FX.OWN.TOTL.FE.ZS","","","","","","","","","","","","","","","","","","","","","","","","","","","","","","","","","","","","","","","","","","","","","","","","","","","","47.721363067627","","","47.0578155517578","","","54.7417984008789","","",
"Belarus","BLR","Account ownership at a financial institution or with a mobile-money-service provider, female (% of population ages 15+)","FX.OWN.TOTL.FE.ZS","","","","","","","","","","","","","","","","","","","","","","","","","","","","","","","","","","","","","","","","","","","","","","","","","","","","58.0722351074219","","","71.960090637207","","","81.3381729125977","","",
"Belize","BLZ","Account ownership at a financial institution or with a mobile-money-service provider, female (% of population ages 15+)","FX.OWN.TOTL.FE.ZS","","","","","","","","","","","","","","","","","","","","","","","","","","","","","","","","","","","","","","","","","","","","","","","","","","","","","","","52.2849388122559","","","","","",
"Bermuda","BMU","Account ownership at a financial institution or with a mobile-money-service provider, female (% of population ages 15+)","FX.OWN.TOTL.FE.ZS","","","","","","","","","","","","","","","","","","","","","","","","","","","","","","","","","","","","","","","","","","","","","","","","","","","","","","","","","","","","",
"Bolivia","BOL","Account ownership at a financial institution or with a mobile-money-service provider, female (% of population ages 15+)","FX.OWN.TOTL.FE.ZS","","","","","","","","","","","","","","","","","","","","","","","","","","","","","","","","","","","","","","","","","","","","","","","","","","","","25.1057682037354","","","38.0391006469727","","","53.8528327941895","","",
"Brazil","BRA","Account ownership at a financial institution or with a mobile-money-service provider, female (% of population ages 15+)","FX.OWN.TOTL.FE.ZS","","","","","","","","","","","","","","","","","","","","","","","","","","","","","","","","","","","","","","","","","","","","","","","","","","","","51.0178451538086","","","64.7733154296875","","","67.5146484375","","",
"Barbados","BRB","Account ownership at a financial institution or with a mobile-money-service provider, female (% of population ages 15+)","FX.OWN.TOTL.FE.ZS","","","","","","","","","","","","","","","","","","","","","","","","","","","","","","","","","","","","","","","","","","","","","","","","","","","","","","","","","","","","",
"Brunei Darussalam","BRN","Account ownership at a financial institution or with a mobile-money-service provider, female (% of population ages 15+)","FX.OWN.TOTL.FE.ZS","","","","","","","","","","","","","","","","","","","","","","","","","","","","","","","","","","","","","","","","","","","","","","","","","","","","","","","","","","","","",
"Bhutan","BTN","Account ownership at a financial institution or with a mobile-money-service provider, female (% of population ages 15+)","FX.OWN.TOTL.FE.ZS","","","","","","","","","","","","","","","","","","","","","","","","","","","","","","","","","","","","","","","","","","","","","","","","","","","","","","","27.6818790435791","","","","","",
"Botswana","BWA","Account ownership at a financial institution or with a mobile-money-service provider, female (% of population ages 15+)","FX.OWN.TOTL.FE.ZS","","","","","","","","","","","","","","","","","","","","","","","","","","","","","","","","","","","","","","","","","","","","","","","","","","","","28.3603343963623","","","48.7371215820313","","","46.788516998291","","",
"Central African Republic","CAF","Account ownership at a financial institution or with a mobile-money-service provider, female (% of population ages 15+)","FX.OWN.TOTL.FE.ZS","","","","","","","","","","","","","","","","","","","","","","","","","","","","","","","","","","","","","","","","","","","","","","","","","","","","3.41175198554993","","","","","","9.71761703491211","","",
"Canada","CAN","Account ownership at a financial institution or with a mobile-money-service provider, female (% of population ages 15+)","FX.OWN.TOTL.FE.ZS","","","","","","","","","","","","","","","","","","","","","","","","","","","","","","","","","","","","","","","","","","","","","","","","","","","","97.2331619262695","","","99.1964797973633","","","99.8527984619141","","",
"Central Europe and the Baltics","CEB","Account ownership at a financial institution or with a mobile-money-service provider, female (% of population ages 15+)","FX.OWN.TOTL.FE.ZS","","","","","","","","","","","","","","","","","","","","","","","","","","","","","","","","","","","","","","","","","","","","","","","","","","","","","","","","","","","","",
"Switzerland","CHE","Account ownership at a financial institution or with a mobile-money-service provider, female (% of population ages 15+)","FX.OWN.TOTL.FE.ZS","","","","","","","","","","","","","","","","","","","","","","","","","","","","","","","","","","","","","","","","","","","","","","","","","","","","","","","96.6947860717773","","","98.8566513061523","","",
"Channel Islands","CHI","Account ownership at a financial institution or with a mobile-money-service provider, female (% of population ages 15+)","FX.OWN.TOTL.FE.ZS","","","","","","","","","","","","","","","","","","","","","","","","","","","","","","","","","","","","","","","","","","","","","","","","","","","","","","","","","","","","",
"Chile","CHL","Account ownership at a financial institution or with a mobile-money-service provider, female (% of population ages 15+)","FX.OWN.TOTL.FE.ZS","","","","","","","","","","","","","","","","","","","","","","","","","","","","","","","","","","","","","","","","","","","","","","","","","","","","40.9744338989258","","","59.1644515991211","","","71.2737884521484","","",
"China","CHN","Account ownership at a financial institution or with a mobile-money-service provider, female (% of population ages 15+)","FX.OWN.TOTL.FE.ZS","","","","","","","","","","","","","","","","","","","","","","","","","","","","","","","","","","","","","","","","","","","","","","","","","","","","60.008674621582","","","76.2497329711914","","","76.3647308349609","","",
"Cote d'Ivoire","CIV","Account ownership at a financial institution or with a mobile-money-service provider, female (% of population ages 15+)","FX.OWN.TOTL.FE.ZS","","","","","","","","","","","","","","","","","","","","","","","","","","","","","","","","","","","","","","","","","","","","","","","","","","","","","","","29.1605834960938","","","35.5649795532227","","",
"Cameroon","CMR","Account ownership at a financial institution or with a mobile-money-service provider, female (% of population ages 15+)","FX.OWN.TOTL.FE.ZS","","","","","","","","","","","","","","","","","","","","","","","","","","","","","","","","","","","","","","","","","","","","","","","","","","","","10.881443977356","","","10.1781988143921","","","30.0303688049316","","",
"Congo, Dem. Rep.","COD","Account ownership at a financial institution or with a mobile-money-service provider, female (% of population ages 15+)","FX.OWN.TOTL.FE.ZS","","","","","","","","","","","","","","","","","","","","","","","","","","","","","","","","","","","","","","","","","","","","","","","","","","","","2.75188183784485","","","14.3227834701538","","","24.218822479248","","",
"Congo, Rep.","COG","Account ownership at a financial institution or with a mobile-money-service provider, female (% of population ages 15+)","FX.OWN.TOTL.FE.ZS","","","","","","","","","","","","","","","","","","","","","","","","","","","","","","","","","","","","","","","","","","","","","","","","","","","","7.55865859985352","","","14.9626817703247","","","20.9935626983643","","",
"Colombia","COL","Account ownership at a financial institution or with a mobile-money-service provider, female (% of population ages 15+)","FX.OWN.TOTL.FE.ZS","","","","","","","","","","","","","","","","","","","","","","","","","","","","","","","","","","","","","","","","","","","","","","","","","","","","25.3545608520508","","","33.9536590576172","","","42.4744300842285","","",
"Comoros","COM","Account ownership at a financial institution or with a mobile-money-service provider, female (% of population ages 15+)","FX.OWN.TOTL.FE.ZS","","","","","","","","","","","","","","","","","","","","","","","","","","","","","","","","","","","","","","","","","","","","","","","","","","","","17.8929576873779","","","","","","","","",
"Cabo Verde","CPV","Account ownership at a financial institution or with a mobile-money-service provider, female (% of population ages 15+)","FX.OWN.TOTL.FE.ZS","","","","","","","","","","","","","","","","","","","","","","","","","","","","","","","","","","","","","","","","","","","","","","","","","","","","","","","","","","","","",
"Costa Rica","CRI","Account ownership at a financial institution or with a mobile-money-service provider, female (% of population ages 15+)","FX.OWN.TOTL.FE.ZS","","","","","","","","","","","","","","","","","","","","","","","","","","","","","","","","","","","","","","","","","","","","","","","","","","","","40.6618461608887","","","60.2397270202637","","","60.8790626525879","","",
"Caribbean small states","CSS","Account ownership at a financial institution or with a mobile-money-service provider, female (% of population ages 15+)","FX.OWN.TOTL.FE.ZS","","","","","","","","","","","","","","","","","","","","","","","","","","","","","","","","","","","","","","","","","","","","","","","","","","","","","","","","","","","","",
"Cuba","CUB","Account ownership at a financial institution or with a mobile-money-service provider, female (% of population ages 15+)","FX.OWN.TOTL.FE.ZS","","","","","","","","","","","","","","","","","","","","","","","","","","","","","","","","","","","","","","","","","","","","","","","","","","","","","","","","","","","","",
"Curacao","CUW","Account ownership at a financial institution or with a mobile-money-service provider, female (% of population ages 15+)","FX.OWN.TOTL.FE.ZS","","","","","","","","","","","","","","","","","","","","","","","","","","","","","","","","","","","","","","","","","","","","","","","","","","","","","","","","","","","","",
"Cayman Islands","CYM","Account ownership at a financial institution or with a mobile-money-service provider, female (% of population ages 15+)","FX.OWN.TOTL.FE.ZS","","","","","","","","","","","","","","","","","","","","","","","","","","","","","","","","","","","","","","","","","","","","","","","","","","","","","","","","","","","","",
"Cyprus","CYP","Account ownership at a financial institution or with a mobile-money-service provider, female (% of population ages 15+)","FX.OWN.TOTL.FE.ZS","","","","","","","","","","","","","","","","","","","","","","","","","","","","","","","","","","","","","","","","","","","","","","","","","","","","83.0736541748047","","","90.2890167236328","","","90.0142211914063","","",
"Czech Republic","CZE","Account ownership at a financial institution or with a mobile-money-service provider, female (% of population ages 15+)","FX.OWN.TOTL.FE.ZS","","","","","","","","","","","","","","","","","","","","","","","","","","","","","","","","","","","","","","","","","","","","","","","","","","","","80.5135879516602","","","79.3734512329102","","","78.5847854614258","","",
"Germany","DEU","Account ownership at a financial institution or with a mobile-money-service provider, female (% of population ages 15+)","FX.OWN.TOTL.FE.ZS","","","","","","","","","","","","","","","","","","","","","","","","","","","","","","","","","","","","","","","","","","","","","","","","","","","","98.7045364379883","","","99.4418029785156","","","99.1992492675781","","",
"Djibouti","DJI","Account ownership at a financial institution or with a mobile-money-service provider, female (% of population ages 15+)","FX.OWN.TOTL.FE.ZS","","","","","","","","","","","","","","","","","","","","","","","","","","","","","","","","","","","","","","","","","","","","","","","","","","","","8.76278209686279","","","","","","","","",
"Dominica","DMA","Account ownership at a financial institution or with a mobile-money-service provider, female (% of population ages 15+)","FX.OWN.TOTL.FE.ZS","","","","","","","","","","","","","","","","","","","","","","","","","","","","","","","","","","","","","","","","","","","","","","","","","","","","","","","","","","","","",
"Denmark","DNK","Account ownership at a financial institution or with a mobile-money-service provider, female (% of population ages 15+)","FX.OWN.TOTL.FE.ZS","","","","","","","","","","","","","","","","","","","","","","","","","","","","","","","","","","","","","","","","","","","","","","","","","","","","99.4979019165039","","","100","","","100","","",
"Dominican Republic","DOM","Account ownership at a financial institution or with a mobile-money-service provider, female (% of population ages 15+)","FX.OWN.TOTL.FE.ZS","","","","","","","","","","","","","","","","","","","","","","","","","","","","","","","","","","","","","","","","","","","","","","","","","","","","37.376823425293","","","55.950611114502","","","54.1428375244141","","",
"Algeria","DZA","Account ownership at a financial institution or with a mobile-money-service provider, female (% of population ages 15+)","FX.OWN.TOTL.FE.ZS","","","","","","","","","","","","","","","","","","","","","","","","","","","","","","","","","","","","","","","","","","","","","","","","","","","","20.4072971343994","","","40.0709648132324","","","29.2687301635742","","",
"East Asia & Pacific (excluding high income)","EAP","Account ownership at a financial institution or with a mobile-money-service provider, female (% of population ages 15+)","FX.OWN.TOTL.FE.ZS","","","","","","","","","","","","","","","","","","","","","","","","","","","","","","","","","","","","","","","","","","","","","","","","","","","","52.2515296936035","","","67.1248779296875","","","67.9479293823242","","",
"Early-demographic dividend","EAR","Account ownership at a financial institution or with a mobile-money-service provider, female (% of population ages 15+)","FX.OWN.TOTL.FE.ZS","","","","","","","","","","","","","","","","","","","","","","","","","","","","","","","","","","","","","","","","","","","","","","","","","","","","","","","","","","","","",
"East Asia & Pacific","EAS","Account ownership at a financial institution or with a mobile-money-service provider, female (% of population ages 15+)","FX.OWN.TOTL.FE.ZS","","","","","","","","","","","","","","","","","","","","","","","","","","","","","","","","","","","","","","","","","","","","","","","","","","","","57.5354156494141","","","70.3235244750977","","","71.4844665527344","","",
"Europe & Central Asia (excluding high income)","ECA","Account ownership at a financial institution or with a mobile-money-service provider, female (% of population ages 15+)","FX.OWN.TOTL.FE.ZS","","","","","","","","","","","","","","","","","","","","","","","","","","","","","","","","","","","","","","","","","","","","","","","","","","","","40.218864440918","","","56.5298728942871","","","62.47998046875","","",
"Europe & Central Asia","ECS","Account ownership at a financial institution or with a mobile-money-service provider, female (% of population ages 15+)","FX.OWN.TOTL.FE.ZS","","","","","","","","","","","","","","","","","","","","","","","","","","","","","","","","","","","","","","","","","","","","","","","","","","","","66.3993988037109","","","76.1452865600586","","","79.4002685546875","","",
"Ecuador","ECU","Account ownership at a financial institution or with a mobile-money-service provider, female (% of population ages 15+)","FX.OWN.TOTL.FE.ZS","","","","","","","","","","","","","","","","","","","","","","","","","","","","","","","","","","","","","","","","","","","","","","","","","","","","33.1599159240723","","","40.8229827880859","","","42.6063385009766","","",
"Egypt, Arab Rep.","EGY","Account ownership at a financial institution or with a mobile-money-service provider, female (% of population ages 15+)","FX.OWN.TOTL.FE.ZS","","","","","","","","","","","","","","","","","","","","","","","","","","","","","","","","","","","","","","","","","","","","","","","","","","","","6.51727819442749","","","9.30748462677002","","","26.9944190979004","","",
"Euro area","EMU","Account ownership at a financial institution or with a mobile-money-service provider, female (% of population ages 15+)","FX.OWN.TOTL.FE.ZS","","","","","","","","","","","","","","","","","","","","","","","","","","","","","","","","","","","","","","","","","","","","","","","","","","","","88.7477493286133","","","93.8385162353516","","","94.0111236572266","","",
"Eritrea","ERI","Account ownership at a financial institution or with a mobile-money-service provider, female (% of population ages 15+)","FX.OWN.TOTL.FE.ZS","","","","","","","","","","","","","","","","","","","","","","","","","","","","","","","","","","","","","","","","","","","","","","","","","","","","","","","","","","","","",
"Spain","ESP","Account ownership at a financial institution or with a mobile-money-service provider, female (% of population ages 15+)","FX.OWN.TOTL.FE.ZS","","","","","","","","","","","","","","","","","","","","","","","","","","","","","","","","","","","","","","","","","","","","","","","","","","","","91.6614761352539","","","97.5683822631836","","","91.6412506103516","","",
"Estonia","EST","Account ownership at a financial institution or with a mobile-money-service provider, female (% of population ages 15+)","FX.OWN.TOTL.FE.ZS","","","","","","","","","","","","","","","","","","","","","","","","","","","","","","","","","","","","","","","","","","","","","","","","","","","","97.261360168457","","","97.4671859741211","","","98.3752365112305","","",
"Ethiopia","ETH","Account ownership at a financial institution or with a mobile-money-service provider, female (% of population ages 15+)","FX.OWN.TOTL.FE.ZS","","","","","","","","","","","","","","","","","","","","","","","","","","","","","","","","","","","","","","","","","","","","","","","","","","","","","","","21.0040321350098","","","29.0754318237305","","",
"European Union","EUU","Account ownership at a financial institution or with a mobile-money-service provider, female (% of population ages 15+)","FX.OWN.TOTL.FE.ZS","","","","","","","","","","","","","","","","","","","","","","","","","","","","","","","","","","","","","","","","","","","","","","","","","","","","","","","","","","","","",
"Fragile and conflict affected situations","FCS","Account ownership at a financial institution or with a mobile-money-service provider, female (% of population ages 15+)","FX.OWN.TOTL.FE.ZS","","","","","","","","","","","","","","","","","","","","","","","","","","","","","","","","","","","","","","","","","","","","","","","","","","","","","","","","","","","","",
"Finland","FIN","Account ownership at a financial institution or with a mobile-money-service provider, female (% of population ages 15+)","FX.OWN.TOTL.FE.ZS","","","","","","","","","","","","","","","","","","","","","","","","","","","","","","","","","","","","","","","","","","","","","","","","","","","","99.8177032470703","","","100","","","99.5862731933594","","",
"Fiji","FJI","Account ownership at a financial institution or with a mobile-money-service provider, female (% of population ages 15+)","FX.OWN.TOTL.FE.ZS","","","","","","","","","","","","","","","","","","","","","","","","","","","","","","","","","","","","","","","","","","","","","","","","","","","","","","","","","","","","",
"France","FRA","Account ownership at a financial institution or with a mobile-money-service provider, female (% of population ages 15+)","FX.OWN.TOTL.FE.ZS","","","","","","","","","","","","","","","","","","","","","","","","","","","","","","","","","","","","","","","","","","","","","","","","","","","","96.5725631713867","","","95.4665832519531","","","91.2871322631836","","",
"Faroe Islands","FRO","Account ownership at a financial institution or with a mobile-money-service provider, female (% of population ages 15+)","FX.OWN.TOTL.FE.ZS","","","","","","","","","","","","","","","","","","","","","","","","","","","","","","","","","","","","","","","","","","","","","","","","","","","","","","","","","","","","",
"Micronesia, Fed. Sts.","FSM","Account ownership at a financial institution or with a mobile-money-service provider, female (% of population ages 15+)","FX.OWN.TOTL.FE.ZS","","","","","","","","","","","","","","","","","","","","","","","","","","","","","","","","","","","","","","","","","","","","","","","","","","","","","","","","","","","","",
"Gabon","GAB","Account ownership at a financial institution or with a mobile-money-service provider, female (% of population ages 15+)","FX.OWN.TOTL.FE.ZS","","","","","","","","","","","","","","","","","","","","","","","","","","","","","","","","","","","","","","","","","","","","","","","","","","","","17.1723556518555","","","30.7391471862793","","","53.7041244506836","","",
"United Kingdom","GBR","Account ownership at a financial institution or with a mobile-money-service provider, female (% of population ages 15+)","FX.OWN.TOTL.FE.ZS","","","","","","","","","","","","","","","","","","","","","","","","","","","","","","","","","","","","","","","","","","","","","","","","","","","","97.651985168457","","","98.6527328491211","","","96.0734405517578","","",
"Georgia","GEO","Account ownership at a financial institution or with a mobile-money-service provider, female (% of population ages 15+)","FX.OWN.TOTL.FE.ZS","","","","","","","","","","","","","","","","","","","","","","","","","","","","","","","","","","","","","","","","","","","","","","","","","","","","34.9228057861328","","","39.763256072998","","","63.6122589111328","","",
"Ghana","GHA","Account ownership at a financial institution or with a mobile-money-service provider, female (% of population ages 15+)","FX.OWN.TOTL.FE.ZS","","","","","","","","","","","","","","","","","","","","","","","","","","","","","","","","","","","","","","","","","","","","","","","","","","","","27.0882987976074","","","39.3773078918457","","","53.7234191894531","","",
"Gibraltar","GIB","Account ownership at a financial institution or with a mobile-money-service provider, female (% of population ages 15+)","FX.OWN.TOTL.FE.ZS","","","","","","","","","","","","","","","","","","","","","","","","","","","","","","","","","","","","","","","","","","","","","","","","","","","","","","","","","","","","",
"Guinea","GIN","Account ownership at a financial institution or with a mobile-money-service provider, female (% of population ages 15+)","FX.OWN.TOTL.FE.ZS","","","","","","","","","","","","","","","","","","","","","","","","","","","","","","","","","","","","","","","","","","","","","","","","","","","","2.93491411209106","","","4.11507654190063","","","19.6709747314453","","",
"Gambia, The","GMB","Account ownership at a financial institution or with a mobile-money-service provider, female (% of population ages 15+)","FX.OWN.TOTL.FE.ZS","","","","","","","","","","","","","","","","","","","","","","","","","","","","","","","","","","","","","","","","","","","","","","","","","","","","","","","","","","","","",
"Guinea-Bissau","GNB","Account ownership at a financial institution or with a mobile-money-service provider, female (% of population ages 15+)","FX.OWN.TOTL.FE.ZS","","","","","","","","","","","","","","","","","","","","","","","","","","","","","","","","","","","","","","","","","","","","","","","","","","","","","","","","","","","","",
"Equatorial Guinea","GNQ","Account ownership at a financial institution or with a mobile-money-service provider, female (% of population ages 15+)","FX.OWN.TOTL.FE.ZS","","","","","","","","","","","","","","","","","","","","","","","","","","","","","","","","","","","","","","","","","","","","","","","","","","","","","","","","","","","","",
"Greece","GRC","Account ownership at a financial institution or with a mobile-money-service provider, female (% of population ages 15+)","FX.OWN.TOTL.FE.ZS","","","","","","","","","","","","","","","","","","","","","","","","","","","","","","","","","","","","","","","","","","","","","","","","","","","","75.7096633911133","","","86.6126708984375","","","84.5368957519531","","",
"Grenada","GRD","Account ownership at a financial institution or with a mobile-money-service provider, female (% of population ages 15+)","FX.OWN.TOTL.FE.ZS","","","","","","","","","","","","","","","","","","","","","","","","","","","","","","","","","","","","","","","","","","","","","","","","","","","","","","","","","","","","",
"Greenland","GRL","Account ownership at a financial institution or with a mobile-money-service provider, female (% of population ages 15+)","FX.OWN.TOTL.FE.ZS","","","","","","","","","","","","","","","","","","","","","","","","","","","","","","","","","","","","","","","","","","","","","","","","","","","","","","","","","","","","",
"Guatemala","GTM","Account ownership at a financial institution or with a mobile-money-service provider, female (% of population ages 15+)","FX.OWN.TOTL.FE.ZS","","","","","","","","","","","","","","","","","","","","","","","","","","","","","","","","","","","","","","","","","","","","","","","","","","","","15.5866203308105","","","34.6949272155762","","","42.0862808227539","","",
"Guam","GUM","Account ownership at a financial institution or with a mobile-money-service provider, female (% of population ages 15+)","FX.OWN.TOTL.FE.ZS","","","","","","","","","","","","","","","","","","","","","","","","","","","","","","","","","","","","","","","","","","","","","","","","","","","","","","","","","","","","",
"Guyana","GUY","Account ownership at a financial institution or with a mobile-money-service provider, female (% of population ages 15+)","FX.OWN.TOTL.FE.ZS","","","","","","","","","","","","","","","","","","","","","","","","","","","","","","","","","","","","","","","","","","","","","","","","","","","","","","","","","","","","",
"High income","HIC","Account ownership at a financial institution or with a mobile-money-service provider, female (% of population ages 15+)","FX.OWN.TOTL.FE.ZS","","","","","","","","","","","","","","","","","","","","","","","","","","","","","","","","","","","","","","","","","","","","","","","","","","","","86.2127914428711","","","92.4368896484375","","","92.9267807006836","","",
"Hong Kong SAR, China","HKG","Account ownership at a financial institution or with a mobile-money-service provider, female (% of population ages 15+)","FX.OWN.TOTL.FE.ZS","","","","","","","","","","","","","","","","","","","","","","","","","","","","","","","","","","","","","","","","","","","","","","","","","","","","89.0776290893555","","","96.2656860351563","","","94.7024230957031","","",
"Honduras","HND","Account ownership at a financial institution or with a mobile-money-service provider, female (% of population ages 15+)","FX.OWN.TOTL.FE.ZS","","","","","","","","","","","","","","","","","","","","","","","","","","","","","","","","","","","","","","","","","","","","","","","","","","","","14.9203567504883","","","27.0334930419922","","","40.9506874084473","","",
"Heavily indebted poor countries (HIPC)","HPC","Account ownership at a financial institution or with a mobile-money-service provider, female (% of population ages 15+)","FX.OWN.TOTL.FE.ZS","","","","","","","","","","","","","","","","","","","","","","","","","","","","","","","","","","","","","","","","","","","","","","","","","","","","","","","","","","","","",
"Croatia","HRV","Account ownership at a financial institution or with a mobile-money-service provider, female (% of population ages 15+)","FX.OWN.TOTL.FE.ZS","","","","","","","","","","","","","","","","","","","","","","","","","","","","","","","","","","","","","","","","","","","","","","","","","","","","87.184684753418","","","87.6924133300781","","","82.6969451904297","","",
"Haiti","HTI","Account ownership at a financial institution or with a mobile-money-service provider, female (% of population ages 15+)","FX.OWN.TOTL.FE.ZS","","","","","","","","","","","","","","","","","","","","","","","","","","","","","","","","","","","","","","","","","","","","","","","","","","","","21.0722484588623","","","16.1192245483398","","","30.0456142425537","","",
"Hungary","HUN","Account ownership at a financial institution or with a mobile-money-service provider, female (% of population ages 15+)","FX.OWN.TOTL.FE.ZS","","","","","","","","","","","","","","","","","","","","","","","","","","","","","","","","","","","","","","","","","","","","","","","","","","","","73.0622024536133","","","72.4983520507813","","","72.1575164794922","","",
"IBRD only","IBD","Account ownership at a financial institution or with a mobile-money-service provider, female (% of population ages 15+)","FX.OWN.TOTL.FE.ZS","","","","","","","","","","","","","","","","","","","","","","","","","","","","","","","","","","","","","","","","","","","","","","","","","","","","","","","","","","","","",
"IDA & IBRD total","IBT","Account ownership at a financial institution or with a mobile-money-service provider, female (% of population ages 15+)","FX.OWN.TOTL.FE.ZS","","","","","","","","","","","","","","","","","","","","","","","","","","","","","","","","","","","","","","","","","","","","","","","","","","","","","","","","","","","","",
"IDA total","IDA","Account ownership at a financial institution or with a mobile-money-service provider, female (% of population ages 15+)","FX.OWN.TOTL.FE.ZS","","","","","","","","","","","","","","","","","","","","","","","","","","","","","","","","","","","","","","","","","","","","","","","","","","","","","","","","","","","","",
"IDA blend","IDB","Account ownership at a financial institution or with a mobile-money-service provider, female (% of population ages 15+)","FX.OWN.TOTL.FE.ZS","","","","","","","","","","","","","","","","","","","","","","","","","","","","","","","","","","","","","","","","","","","","","","","","","","","","","","","","","","","","",
"Indonesia","IDN","Account ownership at a financial institution or with a mobile-money-service provider, female (% of population ages 15+)","FX.OWN.TOTL.FE.ZS","","","","","","","","","","","","","","","","","","","","","","","","","","","","","","","","","","","","","","","","","","","","","","","","","","","","19.2075347900391","","","37.4640350341797","","","51.3549194335938","","",
"IDA only","IDX","Account ownership at a financial institution or with a mobile-money-service provider, female (% of population ages 15+)","FX.OWN.TOTL.FE.ZS","","","","","","","","","","","","","","","","","","","","","","","","","","","","","","","","","","","","","","","","","","","","","","","","","","","","","","","","","","","","",
"Isle of Man","IMN","Account ownership at a financial institution or with a mobile-money-service provider, female (% of population ages 15+)","FX.OWN.TOTL.FE.ZS","","","","","","","","","","","","","","","","","","","","","","","","","","","","","","","","","","","","","","","","","","","","","","","","","","","","","","","","","","","","",
"India","IND","Account ownership at a financial institution or with a mobile-money-service provider, female (% of population ages 15+)","FX.OWN.TOTL.FE.ZS","","","","","","","","","","","","","","","","","","","","","","","","","","","","","","","","","","","","","","","","","","","","","","","","","","","","26.4905014038086","","","43.1326103210449","","","76.6396331787109","","",
"Not classified","INX","Account ownership at a financial institution or with a mobile-money-service provider, female (% of population ages 15+)","FX.OWN.TOTL.FE.ZS","","","","","","","","","","","","","","","","","","","","","","","","","","","","","","","","","","","","","","","","","","","","","","","","","","","","","","","","","","","","",
"Ireland","IRL","Account ownership at a financial institution or with a mobile-money-service provider, female (% of population ages 15+)","FX.OWN.TOTL.FE.ZS","","","","","","","","","","","","","","","","","","","","","","","","","","","","","","","","","","","","","","","","","","","","","","","","","","","","92.2002868652344","","","94.7685394287109","","","95.3070373535156","","",
"Iran, Islamic Rep.","IRN","Account ownership at a financial institution or with a mobile-money-service provider, female (% of population ages 15+)","FX.OWN.TOTL.FE.ZS","","","","","","","","","","","","","","","","","","","","","","","","","","","","","","","","","","","","","","","","","","","","","","","","","","","","61.8765106201172","","","87.3226470947266","","","91.6112594604492","","",
"Iraq","IRQ","Account ownership at a financial institution or with a mobile-money-service provider, female (% of population ages 15+)","FX.OWN.TOTL.FE.ZS","","","","","","","","","","","","","","","","","","","","","","","","","","","","","","","","","","","","","","","","","","","","","","","","","","","","7.54766845703125","","","7.43860530853271","","","19.5048217773438","","",
"Iceland","ISL","Account ownership at a financial institution or with a mobile-money-service provider, female (% of population ages 15+)","FX.OWN.TOTL.FE.ZS","","","","","","","","","","","","","","","","","","","","","","","","","","","","","","","","","","","","","","","","","","","","","","","","","","","","","","","","","","","","",
"Israel","ISR","Account ownership at a financial institution or with a mobile-money-service provider, female (% of population ages 15+)","FX.OWN.TOTL.FE.ZS","","","","","","","","","","","","","","","","","","","","","","","","","","","","","","","","","","","","","","","","","","","","","","","","","","","","92.4381866455078","","","90.0166778564453","","","93.7003860473633","","",
"Italy","ITA","Account ownership at a financial institution or with a mobile-money-service provider, female (% of population ages 15+)","FX.OWN.TOTL.FE.ZS","","","","","","","","","","","","","","","","","","","","","","","","","","","","","","","","","","","","","","","","","","","","","","","","","","","","64.3453521728516","","","83.1596298217773","","","91.6244354248047","","",
"Jamaica","JAM","Account ownership at a financial institution or with a mobile-money-service provider, female (% of population ages 15+)","FX.OWN.TOTL.FE.ZS","","","","","","","","","","","","","","","","","","","","","","","","","","","","","","","","","","","","","","","","","","","","","","","","","","","","67.1225433349609","","","77.7620162963867","","","","","",
"Jordan","JOR","Account ownership at a financial institution or with a mobile-money-service provider, female (% of population ages 15+)","FX.OWN.TOTL.FE.ZS","","","","","","","","","","","","","","","","","","","","","","","","","","","","","","","","","","","","","","","","","","","","","","","","","","","","17.357702255249","","","15.5295076370239","","","26.6133899688721","","",
"Japan","JPN","Account ownership at a financial institution or with a mobile-money-service provider, female (% of population ages 15+)","FX.OWN.TOTL.FE.ZS","","","","","","","","","","","","","","","","","","","","","","","","","","","","","","","","","","","","","","","","","","","","","","","","","","","","96.8449020385742","","","97.0154495239258","","","98.0646743774414","","",
"Kazakhstan","KAZ","Account ownership at a financial institution or with a mobile-money-service provider, female (% of population ages 15+)","FX.OWN.TOTL.FE.ZS","","","","","","","","","","","","","","","","","","","","","","","","","","","","","","","","","","","","","","","","","","","","","","","","","","","","43.7328414916992","","","55.5854797363281","","","60.2865524291992","","",
"Kenya","KEN","Account ownership at a financial institution or with a mobile-money-service provider, female (% of population ages 15+)","FX.OWN.TOTL.FE.ZS","","","","","","","","","","","","","","","","","","","","","","","","","","","","","","","","","","","","","","","","","","","","","","","","","","","","39.1788063049316","","","71.1344757080078","","","77.7463684082031","","",
"Kyrgyz Republic","KGZ","Account ownership at a financial institution or with a mobile-money-service provider, female (% of population ages 15+)","FX.OWN.TOTL.FE.ZS","","","","","","","","","","","","","","","","","","","","","","","","","","","","","","","","","","","","","","","","","","","","","","","","","","","","3.94426655769348","","","18.9293575286865","","","38.8549995422363","","",
"Cambodia","KHM","Account ownership at a financial institution or with a mobile-money-service provider, female (% of population ages 15+)","FX.OWN.TOTL.FE.ZS","","","","","","","","","","","","","","","","","","","","","","","","","","","","","","","","","","","","","","","","","","","","","","","","","","","","3.71234130859375","","","20.4976329803467","","","21.5263938903809","","",
"Kiribati","KIR","Account ownership at a financial institution or with a mobile-money-service provider, female (% of population ages 15+)","FX.OWN.TOTL.FE.ZS","","","","","","","","","","","","","","","","","","","","","","","","","","","","","","","","","","","","","","","","","","","","","","","","","","","","","","","","","","","","",
"St. Kitts and Nevis","KNA","Account ownership at a financial institution or with a mobile-money-service provider, female (% of population ages 15+)","FX.OWN.TOTL.FE.ZS","","","","","","","","","","","","","","","","","","","","","","","","","","","","","","","","","","","","","","","","","","","","","","","","","","","","","","","","","","","","",
"Korea, Rep.","KOR","Account ownership at a financial institution or with a mobile-money-service provider, female (% of population ages 15+)","FX.OWN.TOTL.FE.ZS","","","","","","","","","","","","","","","","","","","","","","","","","","","","","","","","","","","","","","","","","","","","","","","","","","","","93.1078186035156","","","93.3800201416016","","","94.6853103637695","","",
"Kuwait","KWT","Account ownership at a financial institution or with a mobile-money-service provider, female (% of population ages 15+)","FX.OWN.TOTL.FE.ZS","","","","","","","","","","","","","","","","","","","","","","","","","","","","","","","","","","","","","","","","","","","","","","","","","","","","79.6085357666016","","","63.9958152770996","","","73.4630126953125","","",
"Latin America & Caribbean (excluding high income)","LAC","Account ownership at a financial institution or with a mobile-money-service provider, female (% of population ages 15+)","FX.OWN.TOTL.FE.ZS","","","","","","","","","","","","","","","","","","","","","","","","","","","","","","","","","","","","","","","","","","","","","","","","","","","","34.8130874633789","","","48.6735229492188","","","51.2998886108398","","",
"Lao PDR","LAO","Account ownership at a financial institution or with a mobile-money-service provider, female (% of population ages 15+)","FX.OWN.TOTL.FE.ZS","","","","","","","","","","","","","","","","","","","","","","","","","","","","","","","","","","","","","","","","","","","","","","","","","","","","26.1562118530273","","","","","","31.8742027282715","","",
"Lebanon","LBN","Account ownership at a financial institution or with a mobile-money-service provider, female (% of population ages 15+)","FX.OWN.TOTL.FE.ZS","","","","","","","","","","","","","","","","","","","","","","","","","","","","","","","","","","","","","","","","","","","","","","","","","","","","25.8998126983643","","","32.9135589599609","","","32.9054641723633","","",
"Liberia","LBR","Account ownership at a financial institution or with a mobile-money-service provider, female (% of population ages 15+)","FX.OWN.TOTL.FE.ZS","","","","","","","","","","","","","","","","","","","","","","","","","","","","","","","","","","","","","","","","","","","","","","","","","","","","14.6839437484741","","","","","","28.1620025634766","","",
"Libya","LBY","Account ownership at a financial institution or with a mobile-money-service provider, female (% of population ages 15+)","FX.OWN.TOTL.FE.ZS","","","","","","","","","","","","","","","","","","","","","","","","","","","","","","","","","","","","","","","","","","","","","","","","","","","","","","","","","","59.6209602355957","","",
"St. Lucia","LCA","Account ownership at a financial institution or with a mobile-money-service provider, female (% of population ages 15+)","FX.OWN.TOTL.FE.ZS","","","","","","","","","","","","","","","","","","","","","","","","","","","","","","","","","","","","","","","","","","","","","","","","","","","","","","","","","","","","",
"Latin America & Caribbean","LCN","Account ownership at a financial institution or with a mobile-money-service provider, female (% of population ages 15+)","FX.OWN.TOTL.FE.ZS","","","","","","","","","","","","","","","","","","","","","","","","","","","","","","","","","","","","","","","","","","","","","","","","","","","","35.0184631347656","","","49.0784721374512","","","52.0263137817383","","",
"Least developed countries: UN classification","LDC","Account ownership at a financial institution or with a mobile-money-service provider, female (% of population ages 15+)","FX.OWN.TOTL.FE.ZS","","","","","","","","","","","","","","","","","","","","","","","","","","","","","","","","","","","","","","","","","","","","","","","","","","","","","","","","","","","","",
"Low income","LIC","Account ownership at a financial institution or with a mobile-money-service provider, female (% of population ages 15+)","FX.OWN.TOTL.FE.ZS","","","","","","","","","","","","","","","","","","","","","","","","","","","","","","","","","","","","","","","","","","","","","","","","","","","","10.9896869659424","","","19.5622005462646","","","29.9195442199707","","",
"Liechtenstein","LIE","Account ownership at a financial institution or with a mobile-money-service provider, female (% of population ages 15+)","FX.OWN.TOTL.FE.ZS","","","","","","","","","","","","","","","","","","","","","","","","","","","","","","","","","","","","","","","","","","","","","","","","","","","","","","","","","","","","",
"Sri Lanka","LKA","Account ownership at a financial institution or with a mobile-money-service provider, female (% of population ages 15+)","FX.OWN.TOTL.FE.ZS","","","","","","","","","","","","","","","","","","","","","","","","","","","","","","","","","","","","","","","","","","","","","","","","","","","","67.2384185791016","","","83.1084365844727","","","73.4420700073242","","",
"Lower middle income","LMC","Account ownership at a financial institution or with a mobile-money-service provider, female (% of population ages 15+)","FX.OWN.TOTL.FE.ZS","","","","","","","","","","","","","","","","","","","","","","","","","","","","","","","","","","","","","","","","","","","","","","","","","","","","23.4383487701416","","","35.6295166015625","","","53.0016250610352","","",
"Low & middle income","LMY","Account ownership at a financial institution or with a mobile-money-service provider, female (% of population ages 15+)","FX.OWN.TOTL.FE.ZS","","","","","","","","","","","","","","","","","","","","","","","","","","","","","","","","","","","","","","","","","","","","","","","","","","","","37.0092926025391","","","50.8658714294434","","","58.6289901733398","","",
"Lesotho","LSO","Account ownership at a financial institution or with a mobile-money-service provider, female (% of population ages 15+)","FX.OWN.TOTL.FE.ZS","","","","","","","","","","","","","","","","","","","","","","","","","","","","","","","","","","","","","","","","","","","","","","","","","","","","16.8664283752441","","","","","","46.4600601196289","","",
"Late-demographic dividend","LTE","Account ownership at a financial institution or with a mobile-money-service provider, female (% of population ages 15+)","FX.OWN.TOTL.FE.ZS","","","","","","","","","","","","","","","","","","","","","","","","","","","","","","","","","","","","","","","","","","","","","","","","","","","","","","","","","","","","",
"Lithuania","LTU","Account ownership at a financial institution or with a mobile-money-service provider, female (% of population ages 15+)","FX.OWN.TOTL.FE.ZS","","","","","","","","","","","","","","","","","","","","","","","","","","","","","","","","","","","","","","","","","","","","","","","","","","","","76.0669403076172","","","77.8780364990234","","","81.0138702392578","","",
"Luxembourg","LUX","Account ownership at a financial institution or with a mobile-money-service provider, female (% of population ages 15+)","FX.OWN.TOTL.FE.ZS","","","","","","","","","","","","","","","","","","","","","","","","","","","","","","","","","","","","","","","","","","","","","","","","","","","","95.3255462646484","","","96.6916732788086","","","98.177490234375","","",
"Latvia","LVA","Account ownership at a financial institution or with a mobile-money-service provider, female (% of population ages 15+)","FX.OWN.TOTL.FE.ZS","","","","","","","","","","","","","","","","","","","","","","","","","","","","","","","","","","","","","","","","","","","","","","","","","","","","92.0485610961914","","","90.1720733642578","","","92.5424423217773","","",
"Macao SAR, China","MAC","Account ownership at a financial institution or with a mobile-money-service provider, female (% of population ages 15+)","FX.OWN.TOTL.FE.ZS","","","","","","","","","","","","","","","","","","","","","","","","","","","","","","","","","","","","","","","","","","","","","","","","","","","","","","","","","","","","",
"St. Martin (French part)","MAF","Account ownership at a financial institution or with a mobile-money-service provider, female (% of population ages 15+)","FX.OWN.TOTL.FE.ZS","","","","","","","","","","","","","","","","","","","","","","","","","","","","","","","","","","","","","","","","","","","","","","","","","","","","","","","","","","","","",
"Morocco","MAR","Account ownership at a financial institution or with a mobile-money-service provider, female (% of population ages 15+)","FX.OWN.TOTL.FE.ZS","","","","","","","","","","","","","","","","","","","","","","","","","","","","","","","","","","","","","","","","","","","","","","","","","","","","","","","","","","16.8064460754395","","",
"Monaco","MCO","Account ownership at a financial institution or with a mobile-money-service provider, female (% of population ages 15+)","FX.OWN.TOTL.FE.ZS","","","","","","","","","","","","","","","","","","","","","","","","","","","","","","","","","","","","","","","","","","","","","","","","","","","","","","","","","","","","",
"Moldova","MDA","Account ownership at a financial institution or with a mobile-money-service provider, female (% of population ages 15+)","FX.OWN.TOTL.FE.ZS","","","","","","","","","","","","","","","","","","","","","","","","","","","","","","","","","","","","","","","","","","","","","","","","","","","","17.1713943481445","","","18.9757194519043","","","44.5514488220215","","",
"Madagascar","MDG","Account ownership at a financial institution or with a mobile-money-service provider, female (% of population ages 15+)","FX.OWN.TOTL.FE.ZS","","","","","","","","","","","","","","","","","","","","","","","","","","","","","","","","","","","","","","","","","","","","","","","","","","","","4.61197519302368","","","8.37298679351807","","","16.3149681091309","","",
"Maldives","MDV","Account ownership at a financial institution or with a mobile-money-service provider, female (% of population ages 15+)","FX.OWN.TOTL.FE.ZS","","","","","","","","","","","","","","","","","","","","","","","","","","","","","","","","","","","","","","","","","","","","","","","","","","","","","","","","","","","","",
"Middle East & North Africa","MEA","Account ownership at a financial institution or with a mobile-money-service provider, female (% of population ages 15+)","FX.OWN.TOTL.FE.ZS","","","","","","","","","","","","","","","","","","","","","","","","","","","","","","","","","","","","","","","","","","","","","","","","","","","","28.2716178894043","","","","","","38.033390045166","","",
"Mexico","MEX","Account ownership at a financial institution or with a mobile-money-service provider, female (% of population ages 15+)","FX.OWN.TOTL.FE.ZS","","","","","","","","","","","","","","","","","","","","","","","","","","","","","","","","","","","","","","","","","","","","","","","","","","","","21.9658813476563","","","38.8981857299805","","","33.2874755859375","","",
"Marshall Islands","MHL","Account ownership at a financial institution or with a mobile-money-service provider, female (% of population ages 15+)","FX.OWN.TOTL.FE.ZS","","","","","","","","","","","","","","","","","","","","","","","","","","","","","","","","","","","","","","","","","","","","","","","","","","","","","","","","","","","","",
"Middle income","MIC","Account ownership at a financial institution or with a mobile-money-service provider, female (% of population ages 15+)","FX.OWN.TOTL.FE.ZS","","","","","","","","","","","","","","","","","","","","","","","","","","","","","","","","","","","","","","","","","","","","","","","","","","","","38.5684776306152","","","53.1675643920898","","","61.0142288208008","","",
"North Macedonia","MKD","Account ownership at a financial institution or with a mobile-money-service provider, female (% of population ages 15+)","FX.OWN.TOTL.FE.ZS","","","","","","","","","","","","","","","","","","","","","","","","","","","","","","","","","","","","","","","","","","","","","","","","","","","","71.5448913574219","","","64.0260467529297","","","72.8860931396484","","",
"Mali","MLI","Account ownership at a financial institution or with a mobile-money-service provider, female (% of population ages 15+)","FX.OWN.TOTL.FE.ZS","","","","","","","","","","","","","","","","","","","","","","","","","","","","","","","","","","","","","","","","","","","","","","","","","","","","6.90997934341431","","","14.6888656616211","","","25.7119216918945","","",
"Malta","MLT","Account ownership at a financial institution or with a mobile-money-service provider, female (% of population ages 15+)","FX.OWN.TOTL.FE.ZS","","","","","","","","","","","","","","","","","","","","","","","","","","","","","","","","","","","","","","","","","","","","","","","","","","","","94.0702438354492","","","95.6164627075195","","","96.9646606445313","","",
"Myanmar","MMR","Account ownership at a financial institution or with a mobile-money-service provider, female (% of population ages 15+)","FX.OWN.TOTL.FE.ZS","","","","","","","","","","","","","","","","","","","","","","","","","","","","","","","","","","","","","","","","","","","","","","","","","","","","","","","17.4002151489258","","","25.9787120819092","","",
"Middle East & North Africa (excluding high income)","MNA","Account ownership at a financial institution or with a mobile-money-service provider, female (% of population ages 15+)","FX.OWN.TOTL.FE.ZS","","","","","","","","","","","","","","","","","","","","","","","","","","","","","","","","","","","","","","","","","","","","","","","","","","","","25.55544090271","","","","","","34.9858818054199","","",
"Montenegro","MNE","Account ownership at a financial institution or with a mobile-money-service provider, female (% of population ages 15+)","FX.OWN.TOTL.FE.ZS","","","","","","","","","","","","","","","","","","","","","","","","","","","","","","","","","","","","","","","","","","","","","","","","","","","","48.9286079406738","","","57.9082298278809","","","67.5722427368164","","",
"Mongolia","MNG","Account ownership at a financial institution or with a mobile-money-service provider, female (% of population ages 15+)","FX.OWN.TOTL.FE.ZS","","","","","","","","","","","","","","","","","","","","","","","","","","","","","","","","","","","","","","","","","","","","","","","","","","","","82.3649978637695","","","93.2062149047852","","","94.9537963867188","","",
"Northern Mariana Islands","MNP","Account ownership at a financial institution or with a mobile-money-service provider, female (% of population ages 15+)","FX.OWN.TOTL.FE.ZS","","","","","","","","","","","","","","","","","","","","","","","","","","","","","","","","","","","","","","","","","","","","","","","","","","","","","","","","","","","","",
"Mozambique","MOZ","Account ownership at a financial institution or with a mobile-money-service provider, female (% of population ages 15+)","FX.OWN.TOTL.FE.ZS","","","","","","","","","","","","","","","","","","","","","","","","","","","","","","","","","","","","","","","","","","","","","","","","","","","","","","","","","","32.8739471435547","","",
"Mauritania","MRT","Account ownership at a financial institution or with a mobile-money-service provider, female (% of population ages 15+)","FX.OWN.TOTL.FE.ZS","","","","","","","","","","","","","","","","","","","","","","","","","","","","","","","","","","","","","","","","","","","","","","","","","","","","12.0874261856079","","","20.9950790405273","","","15.4872779846191","","",
"Mauritius","MUS","Account ownership at a financial institution or with a mobile-money-service provider, female (% of population ages 15+)","FX.OWN.TOTL.FE.ZS","","","","","","","","","","","","","","","","","","","","","","","","","","","","","","","","","","","","","","","","","","","","","","","","","","","","74.7327423095703","","","79.9984970092773","","","87.1129531860352","","",
"Malawi","MWI","Account ownership at a financial institution or with a mobile-money-service provider, female (% of population ages 15+)","FX.OWN.TOTL.FE.ZS","","","","","","","","","","","","","","","","","","","","","","","","","","","","","","","","","","","","","","","","","","","","","","","","","","","","16.8824424743652","","","13.9797506332397","","","29.8454875946045","","",
"Malaysia","MYS","Account ownership at a financial institution or with a mobile-money-service provider, female (% of population ages 15+)","FX.OWN.TOTL.FE.ZS","","","","","","","","","","","","","","","","","","","","","","","","","","","","","","","","","","","","","","","","","","","","","","","","","","","","63.0964698791504","","","78.0913009643555","","","82.4785385131836","","",
"North America","NAC","Account ownership at a financial institution or with a mobile-money-service provider, female (% of population ages 15+)","FX.OWN.TOTL.FE.ZS","","","","","","","","","","","","","","","","","","","","","","","","","","","","","","","","","","","","","","","","","","","","","","","","","","","","85.4487838745117","","","95.2678527832031","","","93.4470520019531","","",
"Namibia","NAM","Account ownership at a financial institution or with a mobile-money-service provider, female (% of population ages 15+)","FX.OWN.TOTL.FE.ZS","","","","","","","","","","","","","","","","","","","","","","","","","","","","","","","","","","","","","","","","","","","","","","","","","","","","","","","56.7664070129395","","","80.6626739501953","","",
"New Caledonia","NCL","Account ownership at a financial institution or with a mobile-money-service provider, female (% of population ages 15+)","FX.OWN.TOTL.FE.ZS","","","","","","","","","","","","","","","","","","","","","","","","","","","","","","","","","","","","","","","","","","","","","","","","","","","","","","","","","","","","",
"Niger","NER","Account ownership at a financial institution or with a mobile-money-service provider, female (% of population ages 15+)","FX.OWN.TOTL.FE.ZS","","","","","","","","","","","","","","","","","","","","","","","","","","","","","","","","","","","","","","","","","","","","","","","","","","","","1.45192229747772","","","4.31367301940918","","","10.9100465774536","","",
"Nigeria","NGA","Account ownership at a financial institution or with a mobile-money-service provider, female (% of population ages 15+)","FX.OWN.TOTL.FE.ZS","","","","","","","","","","","","","","","","","","","","","","","","","","","","","","","","","","","","","","","","","","","","","","","","","","","","25.9904022216797","","","34.0223960876465","","","27.2766761779785","","",
"Nicaragua","NIC","Account ownership at a financial institution or with a mobile-money-service provider, female (% of population ages 15+)","FX.OWN.TOTL.FE.ZS","","","","","","","","","","","","","","","","","","","","","","","","","","","","","","","","","","","","","","","","","","","","","","","","","","","","12.8150758743286","","","14.426323890686","","","24.7925281524658","","",
"Netherlands","NLD","Account ownership at a financial institution or with a mobile-money-service provider, female (% of population ages 15+)","FX.OWN.TOTL.FE.ZS","","","","","","","","","","","","","","","","","","","","","","","","","","","","","","","","","","","","","","","","","","","","","","","","","","","","98.3997421264648","","","99.1763610839844","","","99.8327026367188","","",
"Norway","NOR","Account ownership at a financial institution or with a mobile-money-service provider, female (% of population ages 15+)","FX.OWN.TOTL.FE.ZS","","","","","","","","","","","","","","","","","","","","","","","","","","","","","","","","","","","","","","","","","","","","","","","","","","","","","","","100","","","100","","",
"Nepal","NPL","Account ownership at a financial institution or with a mobile-money-service provider, female (% of population ages 15+)","FX.OWN.TOTL.FE.ZS","","","","","","","","","","","","","","","","","","","","","","","","","","","","","","","","","","","","","","","","","","","","","","","","","","","","21.2196083068848","","","31.2665023803711","","","41.6000213623047","","",
"Nauru","NRU","Account ownership at a financial institution or with a mobile-money-service provider, female (% of population ages 15+)","FX.OWN.TOTL.FE.ZS","","","","","","","","","","","","","","","","","","","","","","","","","","","","","","","","","","","","","","","","","","","","","","","","","","","","","","","","","","","","",
"New Zealand","NZL","Account ownership at a financial institution or with a mobile-money-service provider, female (% of population ages 15+)","FX.OWN.TOTL.FE.ZS","","","","","","","","","","","","","","","","","","","","","","","","","","","","","","","","","","","","","","","","","","","","","","","","","","","","99.4483032226563","","","99.2229156494141","","","99.3407821655273","","",
"OECD members","OED","Account ownership at a financial institution or with a mobile-money-service provider, female (% of population ages 15+)","FX.OWN.TOTL.FE.ZS","","","","","","","","","","","","","","","","","","","","","","","","","","","","","","","","","","","","","","","","","","","","","","","","","","","","88.3557968139648","","","93.7751235961914","","","94.0935668945313","","",
"Oman","OMN","Account ownership at a financial institution or with a mobile-money-service provider, female (% of population ages 15+)","FX.OWN.TOTL.FE.ZS","","","","","","","","","","","","","","","","","","","","","","","","","","","","","","","","","","","","","","","","","","","","","","","","","","","","63.5298538208008","","","","","","","","",
"Other small states","OSS","Account ownership at a financial institution or with a mobile-money-service provider, female (% of population ages 15+)","FX.OWN.TOTL.FE.ZS","","","","","","","","","","","","","","","","","","","","","","","","","","","","","","","","","","","","","","","","","","","","","","","","","","","","","","","","","","","","",
"Pakistan","PAK","Account ownership at a financial institution or with a mobile-money-service provider, female (% of population ages 15+)","FX.OWN.TOTL.FE.ZS","","","","","","","","","","","","","","","","","","","","","","","","","","","","","","","","","","","","","","","","","","","","","","","","","","","","2.95357751846313","","","4.84374666213989","","","7.02506399154663","","",
"Panama","PAN","Account ownership at a financial institution or with a mobile-money-service provider, female (% of population ages 15+)","FX.OWN.TOTL.FE.ZS","","","","","","","","","","","","","","","","","","","","","","","","","","","","","","","","","","","","","","","","","","","","","","","","","","","","23.3098983764648","","","40.3293724060059","","","42.3393440246582","","",
"Peru","PER","Account ownership at a financial institution or with a mobile-money-service provider, female (% of population ages 15+)","FX.OWN.TOTL.FE.ZS","","","","","","","","","","","","","","","","","","","","","","","","","","","","","","","","","","","","","","","","","","","","","","","","","","","","17.5612926483154","","","22.4969730377197","","","34.4352149963379","","",
"Philippines","PHL","Account ownership at a financial institution or with a mobile-money-service provider, female (% of population ages 15+)","FX.OWN.TOTL.FE.ZS","","","","","","","","","","","","","","","","","","","","","","","","","","","","","","","","","","","","","","","","","","","","","","","","","","","","33.7137298583984","","","37.8502960205078","","","38.8541641235352","","",
"Palau","PLW","Account ownership at a financial institution or with a mobile-money-service provider, female (% of population ages 15+)","FX.OWN.TOTL.FE.ZS","","","","","","","","","","","","","","","","","","","","","","","","","","","","","","","","","","","","","","","","","","","","","","","","","","","","","","","","","","","","",
"Papua New Guinea","PNG","Account ownership at a financial institution or with a mobile-money-service provider, female (% of population ages 15+)","FX.OWN.TOTL.FE.ZS","","","","","","","","","","","","","","","","","","","","","","","","","","","","","","","","","","","","","","","","","","","","","","","","","","","","","","","","","","","","",
"Poland","POL","Account ownership at a financial institution or with a mobile-money-service provider, female (% of population ages 15+)","FX.OWN.TOTL.FE.ZS","","","","","","","","","","","","","","","","","","","","","","","","","","","","","","","","","","","","","","","","","","","","","","","","","","","","68.2872009277344","","","72.9579238891602","","","87.9622192382813","","",
"Pre-demographic dividend","PRE","Account ownership at a financial institution or with a mobile-money-service provider, female (% of population ages 15+)","FX.OWN.TOTL.FE.ZS","","","","","","","","","","","","","","","","","","","","","","","","","","","","","","","","","","","","","","","","","","","","","","","","","","","","","","","","","","","","",
"Puerto Rico","PRI","Account ownership at a financial institution or with a mobile-money-service provider, female (% of population ages 15+)","FX.OWN.TOTL.FE.ZS","","","","","","","","","","","","","","","","","","","","","","","","","","","","","","","","","","","","","","","","","","","","","","","","","","","","","","","66.0932540893555","","","","","",
"Korea, Dem. People’s Rep.","PRK","Account ownership at a financial institution or with a mobile-money-service provider, female (% of population ages 15+)","FX.OWN.TOTL.FE.ZS","","","","","","","","","","","","","","","","","","","","","","","","","","","","","","","","","","","","","","","","","","","","","","","","","","","","","","","","","","","","",
"Portugal","PRT","Account ownership at a financial institution or with a mobile-money-service provider, female (% of population ages 15+)","FX.OWN.TOTL.FE.ZS","","","","","","","","","","","","","","","","","","","","","","","","","","","","","","","","","","","","","","","","","","","","","","","","","","","","77.8040313720703","","","86.1084060668945","","","90.6221237182617","","",
"Paraguay","PRY","Account ownership at a financial institution or with a mobile-money-service provider, female (% of population ages 15+)","FX.OWN.TOTL.FE.ZS","","","","","","","","","","","","","","","","","","","","","","","","","","","","","","","","","","","","","","","","","","","","","","","","","","","","22.7147827148438","","","","","","46.0494499206543","","",
"West Bank and Gaza","PSE","Account ownership at a financial institution or with a mobile-money-service provider, female (% of population ages 15+)","FX.OWN.TOTL.FE.ZS","","","","","","","","","","","","","","","","","","","","","","","","","","","","","","","","","","","","","","","","","","","","","","","","","","","","10.1861734390259","","","21.2148551940918","","","15.9107732772827","","",
"Pacific island small states","PSS","Account ownership at a financial institution or with a mobile-money-service provider, female (% of population ages 15+)","FX.OWN.TOTL.FE.ZS","","","","","","","","","","","","","","","","","","","","","","","","","","","","","","","","","","","","","","","","","","","","","","","","","","","","","","","","","","","","",
"Post-demographic dividend","PST","Account ownership at a financial institution or with a mobile-money-service provider, female (% of population ages 15+)","FX.OWN.TOTL.FE.ZS","","","","","","","","","","","","","","","","","","","","","","","","","","","","","","","","","","","","","","","","","","","","","","","","","","","","","","","","","","","","",
"French Polynesia","PYF","Account ownership at a financial institution or with a mobile-money-service provider, female (% of population ages 15+)","FX.OWN.TOTL.FE.ZS","","","","","","","","","","","","","","","","","","","","","","","","","","","","","","","","","","","","","","","","","","","","","","","","","","","","","","","","","","","","",
"Qatar","QAT","Account ownership at a financial institution or with a mobile-money-service provider, female (% of population ages 15+)","FX.OWN.TOTL.FE.ZS","","","","","","","","","","","","","","","","","","","","","","","","","","","","","","","","","","","","","","","","","","","","","","","","","","","","61.5695304870605","","","","","","","","",
"Romania","ROU","Account ownership at a financial institution or with a mobile-money-service provider, female (% of population ages 15+)","FX.OWN.TOTL.FE.ZS","","","","","","","","","","","","","","","","","","","","","","","","","","","","","","","","","","","","","","","","","","","","","","","","","","","","41.0606117248535","","","56.8690490722656","","","53.5909194946289","","",
"Russian Federation","RUS","Account ownership at a financial institution or with a mobile-money-service provider, female (% of population ages 15+)","FX.OWN.TOTL.FE.ZS","","","","","","","","","","","","","","","","","","","","","","","","","","","","","","","","","","","","","","","","","","","","","","","","","","","","47.7032318115234","","","70.1926574707031","","","76.1313705444336","","",
"Rwanda","RWA","Account ownership at a financial institution or with a mobile-money-service provider, female (% of population ages 15+)","FX.OWN.TOTL.FE.ZS","","","","","","","","","","","","","","","","","","","","","","","","","","","","","","","","","","","","","","","","","","","","","","","","","","","","28.246711730957","","","35.3219451904297","","","44.9605026245117","","",
"South Asia","SAS","Account ownership at a financial institution or with a mobile-money-service provider, female (% of population ages 15+)","FX.OWN.TOTL.FE.ZS","","","","","","","","","","","","","","","","","","","","","","","","","","","","","","","","","","","","","","","","","","","","","","","","","","","","24.326286315918","","","37.5576782226563","","","64.1496124267578","","",
"Saudi Arabia","SAU","Account ownership at a financial institution or with a mobile-money-service provider, female (% of population ages 15+)","FX.OWN.TOTL.FE.ZS","","","","","","","","","","","","","","","","","","","","","","","","","","","","","","","","","","","","","","","","","","","","","","","","","","","","15.2330074310303","","","61.1496162414551","","","58.1701049804688","","",
"Sudan","SDN","Account ownership at a financial institution or with a mobile-money-service provider, female (% of population ages 15+)","FX.OWN.TOTL.FE.ZS","","","","","","","","","","","","","","","","","","","","","","","","","","","","","","","","","","","","","","","","","","","","","","","","","","","","4.35485458374023","","","9.98316097259521","","","","","",
"Senegal","SEN","Account ownership at a financial institution or with a mobile-money-service provider, female (% of population ages 15+)","FX.OWN.TOTL.FE.ZS","","","","","","","","","","","","","","","","","","","","","","","","","","","","","","","","","","","","","","","","","","","","","","","","","","","","5.45044183731079","","","11.3995504379272","","","38.4496078491211","","",
"Singapore","SGP","Account ownership at a financial institution or with a mobile-money-service provider, female (% of population ages 15+)","FX.OWN.TOTL.FE.ZS","","","","","","","","","","","","","","","","","","","","","","","","","","","","","","","","","","","","","","","","","","","","","","","","","","","","98.2117919921875","","","96.0721206665039","","","96.3129272460938","","",
"Solomon Islands","SLB","Account ownership at a financial institution or with a mobile-money-service provider, female (% of population ages 15+)","FX.OWN.TOTL.FE.ZS","","","","","","","","","","","","","","","","","","","","","","","","","","","","","","","","","","","","","","","","","","","","","","","","","","","","","","","","","","","","",
"Sierra Leone","SLE","Account ownership at a financial institution or with a mobile-money-service provider, female (% of population ages 15+)","FX.OWN.TOTL.FE.ZS","","","","","","","","","","","","","","","","","","","","","","","","","","","","","","","","","","","","","","","","","","","","","","","","","","","","12.8025350570679","","","12.4985904693604","","","15.3589754104614","","",
"El Salvador","SLV","Account ownership at a financial institution or with a mobile-money-service provider, female (% of population ages 15+)","FX.OWN.TOTL.FE.ZS","","","","","","","","","","","","","","","","","","","","","","","","","","","","","","","","","","","","","","","","","","","","","","","","","","","","10.1322336196899","","","31.9069290161133","","","24.3799591064453","","",
"San Marino","SMR","Account ownership at a financial institution or with a mobile-money-service provider, female (% of population ages 15+)","FX.OWN.TOTL.FE.ZS","","","","","","","","","","","","","","","","","","","","","","","","","","","","","","","","","","","","","","","","","","","","","","","","","","","","","","","","","","","","",
"Somalia","SOM","Account ownership at a financial institution or with a mobile-money-service provider, female (% of population ages 15+)","FX.OWN.TOTL.FE.ZS","","","","","","","","","","","","","","","","","","","","","","","","","","","","","","","","","","","","","","","","","","","","","","","","","","","","","","","33.6625595092773","","","","","",
"Serbia","SRB","Account ownership at a financial institution or with a mobile-money-service provider, female (% of population ages 15+)","FX.OWN.TOTL.FE.ZS","","","","","","","","","","","","","","","","","","","","","","","","","","","","","","","","","","","","","","","","","","","","","","","","","","","","62.3158340454102","","","82.967399597168","","","70.1270065307617","","",
"Sub-Saharan Africa (excluding high income)","SSA","Account ownership at a financial institution or with a mobile-money-service provider, female (% of population ages 15+)","FX.OWN.TOTL.FE.ZS","","","","","","","","","","","","","","","","","","","","","","","","","","","","","","","","","","","","","","","","","","","","","","","","","","","","20.7864742279053","","","29.9114322662354","","","36.9141616821289","","",
"South Sudan","SSD","Account ownership at a financial institution or with a mobile-money-service provider, female (% of population ages 15+)","FX.OWN.TOTL.FE.ZS","","","","","","","","","","","","","","","","","","","","","","","","","","","","","","","","","","","","","","","","","","","","","","","","","","","","","","","","","","4.70846557617188","","",
"Sub-Saharan Africa","SSF","Account ownership at a financial institution or with a mobile-money-service provider, female (% of population ages 15+)","FX.OWN.TOTL.FE.ZS","","","","","","","","","","","","","","","","","","","","","","","","","","","","","","","","","","","","","","","","","","","","","","","","","","","","20.7864742279053","","","29.9114322662354","","","36.9141616821289","","",
"Small states","SST","Account ownership at a financial institution or with a mobile-money-service provider, female (% of population ages 15+)","FX.OWN.TOTL.FE.ZS","","","","","","","","","","","","","","","","","","","","","","","","","","","","","","","","","","","","","","","","","","","","","","","","","","","","","","","","","","","","",
"Sao Tome and Principe","STP","Account ownership at a financial institution or with a mobile-money-service provider, female (% of population ages 15+)","FX.OWN.TOTL.FE.ZS","","","","","","","","","","","","","","","","","","","","","","","","","","","","","","","","","","","","","","","","","","","","","","","","","","","","","","","","","","","","",
"Suriname","SUR","Account ownership at a financial institution or with a mobile-money-service provider, female (% of population ages 15+)","FX.OWN.TOTL.FE.ZS","","","","","","","","","","","","","","","","","","","","","","","","","","","","","","","","","","","","","","","","","","","","","","","","","","","","","","","","","","","","",
"Slovak Republic","SVK","Account ownership at a financial institution or with a mobile-money-service provider, female (% of population ages 15+)","FX.OWN.TOTL.FE.ZS","","","","","","","","","","","","","","","","","","","","","","","","","","","","","","","","","","","","","","","","","","","","","","","","","","","","78.9183654785156","","","79.9728393554688","","","83.1339874267578","","",
"Slovenia","SVN","Account ownership at a financial institution or with a mobile-money-service provider, female (% of population ages 15+)","FX.OWN.TOTL.FE.ZS","","","","","","","","","","","","","","","","","","","","","","","","","","","","","","","","","","","","","","","","","","","","","","","","","","","","98.1096038818359","","","96.977783203125","","","96.939208984375","","",
"Sweden","SWE","Account ownership at a financial institution or with a mobile-money-service provider, female (% of population ages 15+)","FX.OWN.TOTL.FE.ZS","","","","","","","","","","","","","","","","","","","","","","","","","","","","","","","","","","","","","","","","","","","","","","","","","","","","99.0131225585938","","","99.7582626342773","","","100","","",
"Eswatini","SWZ","Account ownership at a financial institution or with a mobile-money-service provider, female (% of population ages 15+)","FX.OWN.TOTL.FE.ZS","","","","","","","","","","","","","","","","","","","","","","","","","","","","","","","","","","","","","","","","","","","","","","","","","","","","27.4139518737793","","","","","","","","",
"Sint Maarten (Dutch part)","SXM","Account ownership at a financial institution or with a mobile-money-service provider, female (% of population ages 15+)","FX.OWN.TOTL.FE.ZS","","","","","","","","","","","","","","","","","","","","","","","","","","","","","","","","","","","","","","","","","","","","","","","","","","","","","","","","","","","","",
"Seychelles","SYC","Account ownership at a financial institution or with a mobile-money-service provider, female (% of population ages 15+)","FX.OWN.TOTL.FE.ZS","","","","","","","","","","","","","","","","","","","","","","","","","","","","","","","","","","","","","","","","","","","","","","","","","","","","","","","","","","","","",
"Syrian Arab Republic","SYR","Account ownership at a financial institution or with a mobile-money-service provider, female (% of population ages 15+)","FX.OWN.TOTL.FE.ZS","","","","","","","","","","","","","","","","","","","","","","","","","","","","","","","","","","","","","","","","","","","","","","","","","","","","19.5879993438721","","","","","","","","",
"Turks and Caicos Islands","TCA","Account ownership at a financial institution or with a mobile-money-service provider, female (% of population ages 15+)","FX.OWN.TOTL.FE.ZS","","","","","","","","","","","","","","","","","","","","","","","","","","","","","","","","","","","","","","","","","","","","","","","","","","","","","","","","","","","","",
"Chad","TCD","Account ownership at a financial institution or with a mobile-money-service provider, female (% of population ages 15+)","FX.OWN.TOTL.FE.ZS","","","","","","","","","","","","","","","","","","","","","","","","","","","","","","","","","","","","","","","","","","","","","","","","","","","","6.76944637298584","","","7.82676124572754","","","14.8502588272095","","",
"East Asia & Pacific (IDA & IBRD countries)","TEA","Account ownership at a financial institution or with a mobile-money-service provider, female (% of population ages 15+)","FX.OWN.TOTL.FE.ZS","","","","","","","","","","","","","","","","","","","","","","","","","","","","","","","","","","","","","","","","","","","","","","","","","","","","","","","","","","","","",
"Europe & Central Asia (IDA & IBRD countries)","TEC","Account ownership at a financial institution or with a mobile-money-service provider, female (% of population ages 15+)","FX.OWN.TOTL.FE.ZS","","","","","","","","","","","","","","","","","","","","","","","","","","","","","","","","","","","","","","","","","","","","","","","","","","","","","","","","","","","","",
"Togo","TGO","Account ownership at a financial institution or with a mobile-money-service provider, female (% of population ages 15+)","FX.OWN.TOTL.FE.ZS","","","","","","","","","","","","","","","","","","","","","","","","","","","","","","","","","","","","","","","","","","","","","","","","","","","","9.21766948699951","","","15.1125774383545","","","37.5931549072266","","",
"Thailand","THA","Account ownership at a financial institution or with a mobile-money-service provider, female (% of population ages 15+)","FX.OWN.TOTL.FE.ZS","","","","","","","","","","","","","","","","","","","","","","","","","","","","","","","","","","","","","","","","","","","","","","","","","","","","72.6375427246094","","","75.4402923583984","","","79.7801055908203","","",
"Tajikistan","TJK","Account ownership at a financial institution or with a mobile-money-service provider, female (% of population ages 15+)","FX.OWN.TOTL.FE.ZS","","","","","","","","","","","","","","","","","","","","","","","","","","","","","","","","","","","","","","","","","","","","","","","","","","","","2.13516211509705","","","9.09066009521484","","","42.1307945251465","","",
"Turkmenistan","TKM","Account ownership at a financial institution or with a mobile-money-service provider, female (% of population ages 15+)","FX.OWN.TOTL.FE.ZS","","","","","","","","","","","","","","","","","","","","","","","","","","","","","","","","","","","","","","","","","","","","","","","","","","","","0.793922662734985","","","","","","35.5171089172363","","",
"Latin America & the Caribbean (IDA & IBRD countries)","TLA","Account ownership at a financial institution or with a mobile-money-service provider, female (% of population ages 15+)","FX.OWN.TOTL.FE.ZS","","","","","","","","","","","","","","","","","","","","","","","","","","","","","","","","","","","","","","","","","","","","","","","","","","","","","","","","","","","","",
"Timor-Leste","TLS","Account ownership at a financial institution or with a mobile-money-service provider, female (% of population ages 15+)","FX.OWN.TOTL.FE.ZS","","","","","","","","","","","","","","","","","","","","","","","","","","","","","","","","","","","","","","","","","","","","","","","","","","","","","","","","","","","","",
"Middle East & North Africa (IDA & IBRD countries)","TMN","Account ownership at a financial institution or with a mobile-money-service provider, female (% of population ages 15+)","FX.OWN.TOTL.FE.ZS","","","","","","","","","","","","","","","","","","","","","","","","","","","","","","","","","","","","","","","","","","","","","","","","","","","","","","","","","","","","",
"Tonga","TON","Account ownership at a financial institution or with a mobile-money-service provider, female (% of population ages 15+)","FX.OWN.TOTL.FE.ZS","","","","","","","","","","","","","","","","","","","","","","","","","","","","","","","","","","","","","","","","","","","","","","","","","","","","","","","","","","","","",
"South Asia (IDA & IBRD)","TSA","Account ownership at a financial institution or with a mobile-money-service provider, female (% of population ages 15+)","FX.OWN.TOTL.FE.ZS","","","","","","","","","","","","","","","","","","","","","","","","","","","","","","","","","","","","","","","","","","","","","","","","","","","","","","","","","","","","",
"Sub-Saharan Africa (IDA & IBRD countries)","TSS","Account ownership at a financial institution or with a mobile-money-service provider, female (% of population ages 15+)","FX.OWN.TOTL.FE.ZS","","","","","","","","","","","","","","","","","","","","","","","","","","","","","","","","","","","","","","","","","","","","","","","","","","","","","","","","","","","","",
"Trinidad and Tobago","TTO","Account ownership at a financial institution or with a mobile-money-service provider, female (% of population ages 15+)","FX.OWN.TOTL.FE.ZS","","","","","","","","","","","","","","","","","","","","","","","","","","","","","","","","","","","","","","","","","","","","","","","","","","","","69.8558502197266","","","","","","73.6030426025391","","",
"Tunisia","TUN","Account ownership at a financial institution or with a mobile-money-service provider, female (% of population ages 15+)","FX.OWN.TOTL.FE.ZS","","","","","","","","","","","","","","","","","","","","","","","","","","","","","","","","","","","","","","","","","","","","","","","","","","","","","","","20.7014713287354","","","28.3634357452393","","",
"Turkey","TUR","Account ownership at a financial institution or with a mobile-money-service provider, female (% of population ages 15+)","FX.OWN.TOTL.FE.ZS","","","","","","","","","","","","","","","","","","","","","","","","","","","","","","","","","","","","","","","","","","","","","","","","","","","","32.6799774169922","","","44.458812713623","","","54.2938232421875","","",
"Tuvalu","TUV","Account ownership at a financial institution or with a mobile-money-service provider, female (% of population ages 15+)","FX.OWN.TOTL.FE.ZS","","","","","","","","","","","","","","","","","","","","","","","","","","","","","","","","","","","","","","","","","","","","","","","","","","","","","","","","","","","","",
"Tanzania","TZA","Account ownership at a financial institution or with a mobile-money-service provider, female (% of population ages 15+)","FX.OWN.TOTL.FE.ZS","","","","","","","","","","","","","","","","","","","","","","","","","","","","","","","","","","","","","","","","","","","","","","","","","","","","13.8239812850952","","","34.3341369628906","","","42.1522216796875","","",
"Uganda","UGA","Account ownership at a financial institution or with a mobile-money-service provider, female (% of population ages 15+)","FX.OWN.TOTL.FE.ZS","","","","","","","","","","","","","","","","","","","","","","","","","","","","","","","","","","","","","","","","","","","","","","","","","","","","15.0635185241699","","","36.6332817077637","","","52.706413269043","","",
"Ukraine","UKR","Account ownership at a financial institution or with a mobile-money-service provider, female (% of population ages 15+)","FX.OWN.TOTL.FE.ZS","","","","","","","","","","","","","","","","","","","","","","","","","","","","","","","","","","","","","","","","","","","","","","","","","","","","39.2077522277832","","","51.6856498718262","","","61.321174621582","","",
"Upper middle income","UMC","Account ownership at a financial institution or with a mobile-money-service provider, female (% of population ages 15+)","FX.OWN.TOTL.FE.ZS","","","","","","","","","","","","","","","","","","","","","","","","","","","","","","","","","","","","","","","","","","","","","","","","","","","","52.4242401123047","","","68.7321624755859","","","69.2838363647461","","",
"Uruguay","URY","Account ownership at a financial institution or with a mobile-money-service provider, female (% of population ages 15+)","FX.OWN.TOTL.FE.ZS","","","","","","","","","","","","","","","","","","","","","","","","","","","","","","","","","","","","","","","","","","","","","","","","","","","","23.829647064209","","","41.2656173706055","","","60.6288375854492","","",
"United States","USA","Account ownership at a financial institution or with a mobile-money-service provider, female (% of population ages 15+)","FX.OWN.TOTL.FE.ZS","","","","","","","","","","","","","","","","","","","","","","","","","","","","","","","","","","","","","","","","","","","","","","","","","","","","84.0690536499023","","","94.7977142333984","","","92.6862487792969","","",
"Uzbekistan","UZB","Account ownership at a financial institution or with a mobile-money-service provider, female (% of population ages 15+)","FX.OWN.TOTL.FE.ZS","","","","","","","","","","","","","","","","","","","","","","","","","","","","","","","","","","","","","","","","","","","","","","","","","","","","21.2931537628174","","","39.3352546691895","","","35.9690780639648","","",
"St. Vincent and the Grenadines","VCT","Account ownership at a financial institution or with a mobile-money-service provider, female (% of population ages 15+)","FX.OWN.TOTL.FE.ZS","","","","","","","","","","","","","","","","","","","","","","","","","","","","","","","","","","","","","","","","","","","","","","","","","","","","","","","","","","","","",
"Venezuela, RB","VEN","Account ownership at a financial institution or with a mobile-money-service provider, female (% of population ages 15+)","FX.OWN.TOTL.FE.ZS","","","","","","","","","","","","","","","","","","","","","","","","","","","","","","","","","","","","","","","","","","","","","","","","","","","","36.1505432128906","","","53.2573699951172","","","70.0380096435547","","",
"British Virgin Islands","VGB","Account ownership at a financial institution or with a mobile-money-service provider, female (% of population ages 15+)","FX.OWN.TOTL.FE.ZS","","","","","","","","","","","","","","","","","","","","","","","","","","","","","","","","","","","","","","","","","","","","","","","","","","","","","","","","","","","","",
"Virgin Islands (U.S.)","VIR","Account ownership at a financial institution or with a mobile-money-service provider, female (% of population ages 15+)","FX.OWN.TOTL.FE.ZS","","","","","","","","","","","","","","","","","","","","","","","","","","","","","","","","","","","","","","","","","","","","","","","","","","","","","","","","","","","","",
"Vietnam","VNM","Account ownership at a financial institution or with a mobile-money-service provider, female (% of population ages 15+)","FX.OWN.TOTL.FE.ZS","","","","","","","","","","","","","","","","","","","","","","","","","","","","","","","","","","","","","","","","","","","","","","","","","","","","18.9092636108398","","","32.0312156677246","","","30.4197006225586","","",
"Vanuatu","VUT","Account ownership at a financial institution or with a mobile-money-service provider, female (% of population ages 15+)","FX.OWN.TOTL.FE.ZS","","","","","","","","","","","","","","","","","","","","","","","","","","","","","","","","","","","","","","","","","","","","","","","","","","","","","","","","","","","","",
"World","WLD","Account ownership at a financial institution or with a mobile-money-service provider, female (% of population ages 15+)","FX.OWN.TOTL.FE.ZS","","","","","","","","","","","","","","","","","","","","","","","","","","","","","","","","","","","","","","","","","","","","","","","","","","","","46.6206207275391","","","58.4673271179199","","","64.8467559814453","","",
"Samoa","WSM","Account ownership at a financial institution or with a mobile-money-service provider, female (% of population ages 15+)","FX.OWN.TOTL.FE.ZS","","","","","","","","","","","","","","","","","","","","","","","","","","","","","","","","","","","","","","","","","","","","","","","","","","","","","","","","","","","","",
"Kosovo","XKX","Account ownership at a financial institution or with a mobile-money-service provider, female (% of population ages 15+)","FX.OWN.TOTL.FE.ZS","","","","","","","","","","","","","","","","","","","","","","","","","","","","","","","","","","","","","","","","","","","","","","","","","","","","31.4545364379883","","","36.320442199707","","","43.7180709838867","","",
"Yemen, Rep.","YEM","Account ownership at a financial institution or with a mobile-money-service provider, female (% of population ages 15+)","FX.OWN.TOTL.FE.ZS","","","","","","","","","","","","","","","","","","","","","","","","","","","","","","","","","","","","","","","","","","","","","","","","","","","","1.08959352970123","","","1.67149007320404","","","","","",
"South Africa","ZAF","Account ownership at a financial institution or with a mobile-money-service provider, female (% of population ages 15+)","FX.OWN.TOTL.FE.ZS","","","","","","","","","","","","","","","","","","","","","","","","","","","","","","","","","","","","","","","","","","","","","","","","","","","","51.023365020752","","","70.3621826171875","","","69.9898147583008","","",
"Zambia","ZMB","Account ownership at a financial institution or with a mobile-money-service provider, female (% of population ages 15+)","FX.OWN.TOTL.FE.ZS","","","","","","","","","","","","","","","","","","","","","","","","","","","","","","","","","","","","","","","","","","","","","","","","","","","","23.3373851776123","","","33.2477684020996","","","40.2788772583008","","",
"Zimbabwe","ZWE","Account ownership at a financial institution or with a mobile-money-service provider, female (% of population ages 15+)","FX.OWN.TOTL.FE.ZS","","","","","","","","","","","","","","","","","","","","","","","","","","","","","","","","","","","","","","","","","","","","","","","","","","","","37.1244087219238","","","28.9797191619873","","","51.664924621582","","",
